
-- MariaDB dump 10.19  Distrib 10.6.20-MariaDB, for Linux (x86_64)
--
-- Host: localhost    Database: smknbone_simacca_database
-- ------------------------------------------------------
-- Server version	10.6.20-MariaDB

/*!40101 SET @OLD_CHARACTER_SET_CLIENT=@@CHARACTER_SET_CLIENT */;
/*!40101 SET @OLD_CHARACTER_SET_RESULTS=@@CHARACTER_SET_RESULTS */;
/*!40101 SET @OLD_COLLATION_CONNECTION=@@COLLATION_CONNECTION */;
/*!40101 SET NAMES utf8mb4 */;
/*!40103 SET @OLD_TIME_ZONE=@@TIME_ZONE */;
/*!40103 SET TIME_ZONE='+00:00' */;
/*!40014 SET @OLD_UNIQUE_CHECKS=@@UNIQUE_CHECKS, UNIQUE_CHECKS=0 */;
/*!40014 SET @OLD_FOREIGN_KEY_CHECKS=@@FOREIGN_KEY_CHECKS, FOREIGN_KEY_CHECKS=0 */;
/*!40101 SET @OLD_SQL_MODE=@@SQL_MODE, SQL_MODE='NO_AUTO_VALUE_ON_ZERO' */;
/*!40111 SET @OLD_SQL_NOTES=@@SQL_NOTES, SQL_NOTES=0 */;

--
-- Table structure for table `absensi`
--

DROP TABLE IF EXISTS `absensi`;
/*!40101 SET @saved_cs_client     = @@character_set_client */;
/*!40101 SET character_set_client = utf8 */;
CREATE TABLE `absensi` (
  `id` int(11) unsigned NOT NULL AUTO_INCREMENT,
  `jadwal_mengajar_id` int(11) unsigned NOT NULL,
  `tanggal` date NOT NULL,
  `pertemuan_ke` int(11) NOT NULL,
  `materi_pembelajaran` text DEFAULT NULL,
  `created_by` int(11) unsigned NOT NULL,
  `guru_pengganti_id` int(11) unsigned DEFAULT NULL,
  `created_at` datetime DEFAULT NULL,
  `unlocked_at` datetime DEFAULT NULL COMMENT 'Timestamp when admin unlocked this absensi for editing',
  PRIMARY KEY (`id`),
  KEY `absensi_jadwal_mengajar_id_foreign` (`jadwal_mengajar_id`),
  KEY `absensi_created_by_foreign` (`created_by`),
  KEY `fk_absensi_guru_pengganti` (`guru_pengganti_id`),
  CONSTRAINT `absensi_created_by_foreign` FOREIGN KEY (`created_by`) REFERENCES `users` (`id`) ON DELETE CASCADE ON UPDATE CASCADE,
  CONSTRAINT `absensi_jadwal_mengajar_id_foreign` FOREIGN KEY (`jadwal_mengajar_id`) REFERENCES `jadwal_mengajar` (`id`) ON DELETE CASCADE ON UPDATE CASCADE,
  CONSTRAINT `fk_absensi_guru_pengganti` FOREIGN KEY (`guru_pengganti_id`) REFERENCES `guru` (`id`) ON DELETE SET NULL ON UPDATE CASCADE
) ENGINE=InnoDB AUTO_INCREMENT=228 DEFAULT CHARSET=utf8mb4 COLLATE=utf8mb4_general_ci;
/*!40101 SET character_set_client = @saved_cs_client */;

--
-- Dumping data for table `absensi`
--

LOCK TABLES `absensi` WRITE;
/*!40000 ALTER TABLE `absensi` DISABLE KEYS */;
INSERT INTO `absensi` VALUES (23,35,'2026-01-12',1,'Opinion',930,NULL,'2026-01-12 09:03:32',NULL),(24,32,'2026-01-12',1,'',953,NULL,'2026-01-12 09:07:00','2026-01-15 12:21:13'),(27,28,'2026-01-05',1,NULL,943,NULL,'2026-01-12 09:11:49',NULL),(28,14,'2026-01-12',5,NULL,931,NULL,'2026-01-12 09:12:04',NULL),(29,51,'2026-01-12',2,'Fakta dan Opini',954,NULL,'2026-01-12 09:12:21',NULL),(30,54,'2026-01-05',3,NULL,932,NULL,'2026-01-12 09:13:15',NULL),(31,40,'2026-01-12',1,'',953,NULL,'2026-01-12 09:14:44','2026-01-15 12:20:43'),(34,48,'2026-01-05',1,'Mengenali dan memahami esensi keberagaman bangsa indonesia',941,NULL,'2026-01-12 09:14:59',NULL),(35,58,'2026-01-05',1,NULL,933,NULL,'2026-01-12 09:18:26',NULL),(36,52,'2026-01-05',1,'',947,NULL,'2026-01-12 09:20:23',NULL),(37,56,'2026-01-05',1,NULL,930,NULL,'2026-01-12 09:23:32',NULL),(38,36,'2026-01-05',1,NULL,938,NULL,'2026-01-12 09:24:35',NULL),(39,25,'2026-01-05',1,'Rapat awal semester 29',945,NULL,'2026-01-12 09:27:05',NULL),(41,44,'2026-01-05',1,NULL,951,NULL,'2026-01-12 09:50:02',NULL),(42,43,'2026-01-05',1,NULL,951,NULL,'2026-01-12 10:03:01',NULL),(43,44,'2026-01-12',2,NULL,951,NULL,'2026-01-12 10:07:26',NULL),(44,21,'2026-01-12',1,NULL,935,NULL,'2026-01-12 10:15:15','2026-01-15 13:34:32'),(45,58,'2026-01-12',2,NULL,933,NULL,'2026-01-12 10:20:24',NULL),(46,28,'2026-01-12',2,NULL,943,NULL,'2026-01-12 10:31:39',NULL),(50,21,'2026-01-05',1,NULL,935,NULL,'2026-01-12 11:40:19','2026-01-15 13:34:39'),(51,57,'2026-01-05',1,NULL,935,NULL,'2026-01-12 11:46:22','2026-01-15 13:34:41'),(52,36,'2026-01-12',2,'Teknik Dasar Produksi Tanaman',938,NULL,'2026-01-12 13:19:15',NULL),(53,56,'2026-01-12',2,NULL,930,NULL,'2026-01-12 13:29:33',NULL),(54,47,'2026-01-05',1,NULL,936,NULL,'2026-01-12 14:08:27',NULL),(55,47,'2026-01-12',2,NULL,936,NULL,'2026-01-12 14:10:05',NULL),(56,59,'2026-01-12',1,NULL,936,NULL,'2026-01-12 14:11:16',NULL),(57,43,'2026-01-12',2,NULL,951,NULL,'2026-01-12 14:29:50',NULL),(58,34,'2026-01-12',1,NULL,945,NULL,'2026-01-12 14:56:28',NULL),(59,42,'2026-01-12',1,NULL,940,NULL,'2026-01-12 15:00:00',NULL),(60,38,'2026-01-12',1,NULL,940,NULL,'2026-01-12 15:08:07',NULL),(61,53,'2026-01-05',3,NULL,941,NULL,'2026-01-12 15:27:19',NULL),(62,57,'2026-01-12',6,'',935,NULL,'2026-01-12 16:24:57','2026-01-15 13:34:35'),(69,22,'2026-01-13',2,'',935,NULL,'2026-01-13 05:58:59','2026-01-15 13:34:25'),(71,39,'2026-01-12',1,'',942,NULL,'2026-01-13 10:21:43',NULL),(72,72,'2026-01-06',3,'Pembersihan Lahan Green School',938,NULL,'2026-01-13 10:26:21',NULL),(73,76,'2026-01-13',2,NULL,946,NULL,'2026-01-13 10:29:40',NULL),(74,70,'2026-01-06',1,NULL,932,NULL,'2026-01-13 10:30:07',NULL),(75,54,'2026-01-12',4,NULL,932,NULL,'2026-01-13 10:37:11',NULL),(76,49,'2026-01-12',2,NULL,942,NULL,'2026-01-13 10:39:22',NULL),(77,29,'2026-01-12',1,NULL,932,NULL,'2026-01-13 10:40:59',NULL),(78,46,'2026-01-12',1,NULL,942,NULL,'2026-01-13 10:42:46',NULL),(79,65,'2026-01-13',1,NULL,942,NULL,'2026-01-13 10:46:29',NULL),(80,62,'2026-01-13',2,NULL,943,NULL,'2026-01-13 11:15:04',NULL),(82,77,'2026-01-13',1,NULL,937,NULL,'2026-01-13 11:39:59',NULL),(84,48,'2026-01-12',2,'',941,NULL,'2026-01-13 11:51:47',NULL),(85,60,'2026-01-12',1,'',941,NULL,'2026-01-13 11:59:01',NULL),(86,69,'2026-01-13',1,NULL,950,NULL,'2026-01-13 13:11:33',NULL),(87,80,'2026-01-13',1,NULL,950,NULL,'2026-01-13 13:31:07',NULL),(88,53,'2026-01-12',4,NULL,941,NULL,'2026-01-13 15:19:46',NULL),(89,60,'2026-01-05',2,NULL,941,NULL,'2026-01-13 15:38:05',NULL),(90,66,'2026-01-13',2,NULL,930,NULL,'2026-01-13 17:24:41',NULL),(92,70,'2026-01-13',2,NULL,932,NULL,'2026-01-14 07:37:56',NULL),(93,45,'2026-01-05',1,NULL,944,NULL,'2026-01-14 08:23:26',NULL),(94,61,'2026-01-05',1,NULL,944,NULL,'2026-01-14 08:28:00',NULL),(97,45,'2026-01-12',4,NULL,944,NULL,'2026-01-14 08:40:05',NULL),(98,61,'2026-01-12',3,NULL,944,NULL,'2026-01-14 08:42:45',NULL),(100,110,'2026-01-14',1,NULL,933,NULL,'2026-01-14 10:46:03',NULL),(101,95,'2026-01-13',7,NULL,935,NULL,'2026-01-14 11:05:51','2026-01-15 13:34:28'),(102,131,'2026-01-07',2,NULL,944,NULL,'2026-01-14 11:14:16',NULL),(103,114,'2026-01-14',2,NULL,951,NULL,'2026-01-14 11:17:36',NULL),(104,55,'2026-01-12',2,NULL,954,NULL,'2026-01-14 11:23:43',NULL),(105,102,'2026-01-12',1,NULL,939,NULL,'2026-01-14 11:26:40',NULL),(106,94,'2026-01-13',2,NULL,954,NULL,'2026-01-14 11:29:44',NULL),(107,102,'2026-01-14',2,NULL,939,NULL,'2026-01-14 11:30:00',NULL),(108,129,'2026-01-14',8,NULL,935,NULL,'2026-01-14 11:30:50','2026-01-15 13:34:21'),(109,97,'2026-01-13',2,NULL,942,NULL,'2026-01-14 11:31:51',NULL),(110,96,'2026-01-13',6,NULL,936,NULL,'2026-01-14 11:34:38',NULL),(111,98,'2026-01-13',2,NULL,954,NULL,'2026-01-14 11:36:00',NULL),(112,116,'2026-01-14',2,NULL,942,NULL,'2026-01-14 11:38:13',NULL),(113,114,'2026-01-07',1,NULL,951,NULL,'2026-01-14 11:39:25',NULL),(114,110,'2026-01-07',2,NULL,933,NULL,'2026-01-14 11:40:22',NULL),(115,90,'2026-01-13',1,NULL,936,NULL,'2026-01-14 11:42:26',NULL),(116,88,'2026-01-13',2,NULL,943,NULL,'2026-01-14 11:44:59',NULL),(117,124,'2026-01-14',1,NULL,936,NULL,'2026-01-14 11:46:11',NULL),(118,109,'2026-01-14',2,NULL,943,NULL,'2026-01-14 11:50:44',NULL),(119,120,'2026-01-14',2,NULL,943,NULL,'2026-01-14 11:52:31',NULL),(120,51,'2026-01-05',1,NULL,954,NULL,'2026-01-14 12:04:34',NULL),(121,55,'2026-01-05',1,NULL,954,NULL,'2026-01-14 12:22:48',NULL),(122,105,'2026-01-14',4,NULL,932,NULL,'2026-01-14 12:25:52',NULL),(123,134,'2026-01-06',2,NULL,944,NULL,'2026-01-14 12:30:22',NULL),(124,135,'2026-01-06',2,NULL,944,NULL,'2026-01-14 12:33:38',NULL),(125,99,'2026-01-07',1,NULL,932,NULL,'2026-01-14 12:33:47',NULL),(126,94,'2026-01-06',1,NULL,954,NULL,'2026-01-14 12:34:33',NULL),(127,136,'2026-01-07',1,NULL,944,NULL,'2026-01-14 12:37:08',NULL),(128,99,'2026-01-14',3,NULL,932,NULL,'2026-01-14 12:38:38',NULL),(129,137,'2026-01-07',1,NULL,944,NULL,'2026-01-14 12:39:56',NULL),(130,98,'2026-01-06',1,NULL,954,NULL,'2026-01-14 12:40:45',NULL),(131,105,'2026-01-07',2,NULL,932,NULL,'2026-01-14 12:44:53',NULL),(132,134,'2026-01-13',5,NULL,944,NULL,'2026-01-14 12:46:33',NULL),(133,135,'2026-01-13',5,NULL,944,NULL,'2026-01-14 12:49:19',NULL),(134,131,'2026-01-14',4,NULL,944,NULL,'2026-01-14 13:03:21',NULL),(135,136,'2026-01-14',3,NULL,944,NULL,'2026-01-14 13:08:53',NULL),(136,72,'2026-01-13',4,NULL,938,NULL,'2026-01-14 13:11:40',NULL),(137,23,'2026-01-14',3,NULL,935,NULL,'2026-01-14 13:42:12',NULL),(138,113,'2026-01-14',2,NULL,945,NULL,'2026-01-14 13:43:20',NULL),(139,85,'2026-01-14',2,NULL,930,NULL,'2026-01-14 13:45:36',NULL),(140,121,'2026-01-14',1,NULL,945,NULL,'2026-01-14 13:47:34',NULL),(141,89,'2026-01-06',1,NULL,938,NULL,'2026-01-14 14:13:10',NULL),(142,115,'2026-01-14',1,NULL,937,NULL,'2026-01-14 14:21:17',NULL),(143,111,'2026-01-07',1,NULL,952,NULL,'2026-01-14 14:21:50',NULL),(144,111,'2026-01-14',2,NULL,952,NULL,'2026-01-14 14:23:44',NULL),(145,125,'2026-01-07',2,NULL,938,NULL,'2026-01-14 14:27:57',NULL),(146,77,'2026-01-06',2,NULL,937,NULL,'2026-01-14 14:28:08',NULL),(147,115,'2026-01-07',2,NULL,937,NULL,'2026-01-14 14:33:25',NULL),(148,89,'2026-01-13',2,NULL,938,NULL,'2026-01-14 14:36:24',NULL),(149,69,'2026-01-06',2,NULL,950,NULL,'2026-01-14 14:47:07',NULL),(150,125,'2026-01-14',4,NULL,938,NULL,'2026-01-14 14:48:00',NULL),(151,22,'2026-01-06',2,NULL,935,NULL,'2026-01-14 17:58:31',NULL),(152,170,'2026-01-15',9,NULL,935,NULL,'2026-01-15 11:34:41',NULL),(153,153,'2026-01-15',2,NULL,943,NULL,'2026-01-15 11:42:23',NULL),(154,157,'2026-01-15',2,NULL,943,NULL,'2026-01-15 11:44:33',NULL),(155,141,'2026-01-15',1,NULL,939,NULL,'2026-01-15 11:44:38',NULL),(156,158,'2026-01-15',2,NULL,951,NULL,'2026-01-15 11:44:56',NULL),(157,148,'2026-01-15',1,NULL,950,NULL,'2026-01-15 11:46:04',NULL),(158,95,'2026-01-06',2,NULL,935,NULL,'2026-01-15 11:46:44',NULL),(159,169,'2026-01-15',2,NULL,954,NULL,'2026-01-15 11:48:26',NULL),(160,165,'2026-01-08',1,NULL,945,NULL,'2026-01-15 11:49:23',NULL),(161,150,'2026-01-15',1,NULL,939,NULL,'2026-01-15 11:49:30',NULL),(162,129,'2026-01-07',3,NULL,935,NULL,'2026-01-15 11:51:36',NULL),(163,165,'2026-01-15',2,NULL,945,NULL,'2026-01-15 11:52:29',NULL),(164,145,'2026-01-15',2,NULL,942,NULL,'2026-01-15 11:52:51',NULL),(165,158,'2026-01-08',1,NULL,951,NULL,'2026-01-15 11:53:10',NULL),(166,167,'2026-01-15',1,NULL,933,NULL,'2026-01-15 11:53:45',NULL),(167,170,'2026-01-08',4,NULL,935,NULL,'2026-01-15 11:55:45',NULL),(168,156,'2026-01-15',1,NULL,952,NULL,'2026-01-15 11:57:56',NULL),(169,167,'2026-01-08',2,NULL,933,NULL,'2026-01-15 11:58:14',NULL),(170,200,'2026-01-09',5,NULL,935,NULL,'2026-01-15 12:01:16',NULL),(171,171,'2026-01-08',1,NULL,933,NULL,'2026-01-15 12:02:27',NULL),(172,138,'2026-01-08',2,NULL,932,NULL,'2026-01-15 12:04:00',NULL),(173,50,'2026-01-12',1,NULL,953,NULL,'2026-01-15 12:04:22',NULL),(174,194,'2026-01-09',1,NULL,951,NULL,'2026-01-15 12:05:04',NULL),(175,177,'2026-01-09',1,NULL,933,NULL,'2026-01-15 12:05:53',NULL),(176,138,'2026-01-15',4,NULL,932,NULL,'2026-01-15 12:09:12',NULL),(177,142,'2026-01-08',1,NULL,932,NULL,'2026-01-15 12:13:30',NULL),(178,79,'2026-01-13',1,NULL,953,NULL,'2026-01-15 12:16:13',NULL),(179,142,'2026-01-15',3,NULL,932,NULL,'2026-01-15 12:17:14',NULL),(180,78,'2026-01-13',1,NULL,953,NULL,'2026-01-15 12:24:45',NULL),(181,123,'2026-01-14',1,NULL,953,NULL,'2026-01-15 12:26:31',NULL),(182,117,'2026-01-14',1,NULL,953,NULL,'2026-01-15 12:29:14',NULL),(183,161,'2026-01-15',1,NULL,953,NULL,'2026-01-15 12:31:02',NULL),(184,140,'2026-01-08',1,NULL,954,NULL,'2026-01-15 12:41:02',NULL),(185,172,'2026-01-15',2,NULL,930,NULL,'2026-01-15 12:44:46',NULL),(186,155,'2026-01-15',1,NULL,937,NULL,'2026-01-15 12:49:48',NULL),(187,155,'2026-01-08',2,NULL,937,NULL,'2026-01-15 12:55:21',NULL),(188,140,'2026-01-15',2,NULL,954,NULL,'2026-01-15 13:12:56',NULL),(189,23,'2026-01-07',3,NULL,935,NULL,'2026-01-15 13:17:53',NULL),(190,159,'2026-01-08',4,NULL,935,NULL,'2026-01-15 13:21:31',NULL),(191,169,'2026-01-08',1,NULL,954,NULL,'2026-01-15 13:21:32',NULL),(192,163,'2026-01-15',1,NULL,936,NULL,'2026-01-15 13:24:36',NULL),(193,190,'2026-01-09',5,NULL,935,NULL,'2026-01-15 13:26:13',NULL),(194,173,'2026-01-15',1,NULL,936,NULL,'2026-01-15 13:27:00',NULL),(195,133,'2026-01-14',1,NULL,936,NULL,'2026-01-15 13:28:17',NULL),(196,96,'2026-01-06',7,NULL,936,NULL,'2026-01-15 13:30:08',NULL),(197,163,'2026-01-08',2,NULL,936,NULL,'2026-01-15 13:31:59',NULL),(198,203,'2026-01-09',1,NULL,936,NULL,'2026-01-15 13:34:14',NULL),(199,196,'2026-01-09',1,NULL,936,NULL,'2026-01-15 13:36:33',NULL),(200,159,'2026-01-15',4,NULL,935,NULL,'2026-01-15 13:50:59',NULL),(201,171,'2026-01-15',2,NULL,933,NULL,'2026-01-15 14:15:33',NULL),(202,168,'2026-01-15',9,NULL,947,NULL,'2026-01-15 14:17:30',NULL),(203,162,'2026-01-08',1,NULL,938,NULL,'2026-01-15 17:45:08',NULL),(204,162,'2026-01-15',2,NULL,938,NULL,'2026-01-15 17:50:13',NULL),(205,204,'2026-01-09',1,NULL,938,NULL,'2026-01-15 18:10:12',NULL),(206,63,'2026-01-06',1,NULL,941,NULL,'2026-01-17 05:52:14',NULL),(207,63,'2026-01-13',2,NULL,941,NULL,'2026-01-17 06:37:10',NULL),(208,86,'2026-01-06',1,NULL,941,NULL,'2026-01-17 06:42:53',NULL),(209,75,'2026-01-06',1,NULL,941,NULL,'2026-01-17 08:10:21',NULL),(210,118,'2026-01-07',1,NULL,941,NULL,'2026-01-17 08:18:04',NULL),(211,108,'2026-01-07',1,NULL,941,NULL,'2026-01-17 08:23:20',NULL),(212,185,'2026-01-09',1,NULL,941,NULL,'2026-01-17 08:27:46',NULL),(213,178,'2026-01-09',1,NULL,941,NULL,'2026-01-17 08:31:41',NULL),(214,202,'2026-01-09',1,NULL,941,NULL,'2026-01-17 08:35:43',NULL),(215,86,'2026-01-13',2,NULL,941,NULL,'2026-01-17 08:45:49',NULL),(216,75,'2026-01-13',2,NULL,941,NULL,'2026-01-17 08:48:40',NULL),(217,118,'2026-01-14',2,NULL,941,NULL,'2026-01-17 08:58:34',NULL),(218,108,'2026-01-14',2,NULL,941,NULL,'2026-01-17 09:02:10',NULL),(220,87,'2026-01-13',1,NULL,940,NULL,'2026-01-17 16:15:37',NULL),(221,119,'2026-01-14',1,NULL,940,NULL,'2026-01-17 16:23:25',NULL),(222,132,'2026-01-14',1,NULL,940,NULL,'2026-01-17 16:27:36',NULL),(223,166,'2026-01-15',1,NULL,940,NULL,'2026-01-17 16:32:06',NULL),(224,152,'2026-01-15',1,NULL,940,NULL,'2026-01-17 16:34:52',NULL),(225,64,'2026-01-06',1,NULL,952,NULL,'2026-01-19 14:56:02',NULL),(226,64,'2026-01-13',2,NULL,952,NULL,'2026-01-19 14:59:31',NULL),(227,33,'2026-01-12',1,NULL,952,NULL,'2026-01-19 15:14:17',NULL);
/*!40000 ALTER TABLE `absensi` ENABLE KEYS */;
UNLOCK TABLES;

--
-- Table structure for table `absensi_detail`
--

DROP TABLE IF EXISTS `absensi_detail`;
/*!40101 SET @saved_cs_client     = @@character_set_client */;
/*!40101 SET character_set_client = utf8 */;
CREATE TABLE `absensi_detail` (
  `id` int(11) unsigned NOT NULL AUTO_INCREMENT,
  `absensi_id` int(11) unsigned NOT NULL,
  `siswa_id` int(11) unsigned NOT NULL,
  `status` enum('hadir','izin','sakit','alpa') NOT NULL DEFAULT 'alpa',
  `keterangan` text DEFAULT NULL,
  `waktu_absen` datetime DEFAULT NULL,
  PRIMARY KEY (`id`),
  UNIQUE KEY `absensi_id_siswa_id` (`absensi_id`,`siswa_id`),
  KEY `absensi_detail_siswa_id_foreign` (`siswa_id`),
  CONSTRAINT `absensi_detail_absensi_id_foreign` FOREIGN KEY (`absensi_id`) REFERENCES `absensi` (`id`) ON DELETE CASCADE ON UPDATE CASCADE,
  CONSTRAINT `absensi_detail_siswa_id_foreign` FOREIGN KEY (`siswa_id`) REFERENCES `siswa` (`id`) ON DELETE CASCADE ON UPDATE CASCADE
) ENGINE=InnoDB AUTO_INCREMENT=4180 DEFAULT CHARSET=utf8mb4 COLLATE=utf8mb4_general_ci;
/*!40101 SET character_set_client = @saved_cs_client */;

--
-- Dumping data for table `absensi_detail`
--

LOCK TABLES `absensi_detail` WRITE;
/*!40000 ALTER TABLE `absensi_detail` DISABLE KEYS */;
INSERT INTO `absensi_detail` VALUES (407,23,823,'hadir','','2026-01-12 09:03:32'),(408,23,830,'alpa','','2026-01-12 09:03:32'),(409,23,856,'alpa','','2026-01-12 09:03:32'),(410,23,895,'alpa','','2026-01-12 09:03:32'),(411,23,909,'izin','','2026-01-12 09:03:32'),(412,23,916,'alpa','','2026-01-12 09:03:32'),(413,23,923,'alpa','','2026-01-12 09:03:32'),(414,23,933,'alpa','','2026-01-12 09:03:32'),(415,23,953,'hadir','','2026-01-12 09:03:32'),(416,23,956,'hadir','','2026-01-12 09:03:32'),(417,23,975,'alpa','','2026-01-12 09:03:32'),(418,23,997,'alpa','','2026-01-12 09:03:32'),(419,24,815,'alpa','','2026-01-12 09:07:00'),(420,24,816,'hadir','','2026-01-12 09:07:00'),(421,24,820,'hadir','','2026-01-12 09:07:00'),(422,24,828,'hadir','','2026-01-12 09:07:00'),(423,24,829,'hadir','','2026-01-12 09:07:00'),(424,24,852,'hadir','','2026-01-12 09:07:00'),(425,24,867,'hadir','','2026-01-12 09:07:00'),(426,24,868,'alpa','','2026-01-12 09:07:00'),(427,24,871,'alpa','','2026-01-12 09:07:00'),(428,24,879,'hadir','','2026-01-12 09:07:00'),(429,24,882,'hadir','','2026-01-12 09:07:00'),(430,24,899,'hadir','','2026-01-12 09:07:00'),(431,24,901,'hadir','','2026-01-12 09:07:00'),(432,24,911,'alpa','','2026-01-12 09:07:00'),(433,24,931,'hadir','','2026-01-12 09:07:00'),(434,24,934,'hadir','','2026-01-12 09:07:00'),(435,24,941,'hadir','','2026-01-12 09:07:00'),(436,24,954,'hadir','','2026-01-12 09:07:00'),(437,24,978,'hadir','','2026-01-12 09:07:00'),(438,24,980,'hadir','','2026-01-12 09:07:00'),(439,24,1003,'hadir','','2026-01-12 09:07:00'),(475,27,810,'alpa','','2026-01-12 09:11:49'),(476,27,818,'alpa','','2026-01-12 09:11:49'),(477,27,824,'alpa','','2026-01-12 09:11:49'),(478,27,831,'hadir','','2026-01-12 09:11:49'),(479,27,840,'alpa','','2026-01-12 09:11:49'),(480,27,845,'hadir','','2026-01-12 09:11:49'),(481,27,854,'alpa','','2026-01-12 09:11:49'),(482,27,862,'hadir','','2026-01-12 09:11:49'),(483,27,865,'hadir','','2026-01-12 09:11:49'),(484,27,880,'hadir','','2026-01-12 09:11:49'),(485,27,886,'alpa','','2026-01-12 09:11:49'),(486,27,908,'hadir','','2026-01-12 09:11:49'),(487,27,946,'hadir','','2026-01-12 09:11:49'),(488,27,958,'hadir','','2026-01-12 09:11:49'),(489,27,969,'alpa','','2026-01-12 09:11:49'),(490,27,970,'alpa','','2026-01-12 09:11:49'),(491,27,979,'hadir','','2026-01-12 09:11:49'),(492,27,982,'alpa','','2026-01-12 09:11:49'),(493,27,987,'alpa','','2026-01-12 09:11:49'),(494,27,991,'hadir','','2026-01-12 09:11:49'),(495,28,815,'hadir','','2026-01-12 09:12:04'),(496,28,816,'hadir','','2026-01-12 09:12:04'),(497,28,820,'hadir','','2026-01-12 09:12:04'),(498,28,828,'hadir','','2026-01-12 09:12:04'),(499,28,829,'hadir','','2026-01-12 09:12:04'),(500,28,852,'hadir','','2026-01-12 09:12:04'),(501,28,867,'hadir','','2026-01-12 09:12:04'),(502,28,868,'hadir','','2026-01-12 09:12:04'),(503,28,871,'hadir','','2026-01-12 09:12:04'),(504,28,879,'hadir','','2026-01-12 09:12:04'),(505,28,882,'hadir','','2026-01-12 09:12:04'),(506,28,899,'hadir','','2026-01-12 09:12:04'),(507,28,901,'hadir','','2026-01-12 09:12:04'),(508,28,911,'hadir','','2026-01-12 09:12:04'),(509,28,931,'hadir','','2026-01-12 09:12:04'),(510,28,934,'hadir','','2026-01-12 09:12:04'),(511,28,941,'hadir','','2026-01-12 09:12:04'),(512,28,954,'hadir','','2026-01-12 09:12:04'),(513,28,978,'hadir','','2026-01-12 09:12:04'),(514,28,980,'hadir','','2026-01-12 09:12:04'),(515,28,1003,'hadir','','2026-01-12 09:12:04'),(516,29,809,'alpa','Alfa','2026-01-12 09:12:21'),(517,29,813,'alpa','','2026-01-12 09:12:21'),(518,29,836,'izin','Izin','2026-01-12 09:12:21'),(519,29,855,'izin','Izin','2026-01-12 09:12:21'),(520,29,864,'hadir','','2026-01-12 09:12:21'),(521,29,869,'hadir','','2026-01-12 09:12:21'),(522,29,883,'alpa','Alfa','2026-01-12 09:12:21'),(523,29,887,'alpa','Alfa','2026-01-12 09:12:21'),(524,29,896,'hadir','','2026-01-12 09:12:21'),(525,29,897,'alpa','Alfa','2026-01-12 09:12:21'),(526,29,928,'hadir','','2026-01-12 09:12:21'),(527,29,940,'alpa','Alfa','2026-01-12 09:12:21'),(528,29,943,'hadir','','2026-01-12 09:12:21'),(529,29,945,'hadir','','2026-01-12 09:12:21'),(530,29,951,'hadir','','2026-01-12 09:12:21'),(531,29,952,'alpa','Alfa','2026-01-12 09:12:21'),(532,29,977,'hadir','','2026-01-12 09:12:21'),(533,29,983,'alpa','Alfa','2026-01-12 09:12:21'),(534,29,985,'alpa','Alfa','2026-01-12 09:12:21'),(535,29,999,'hadir','','2026-01-12 09:12:21'),(536,29,1001,'hadir','','2026-01-12 09:12:21'),(537,29,1004,'alpa','Alfa','2026-01-12 09:12:21'),(538,30,819,'hadir','','2026-01-12 09:13:15'),(539,30,825,'hadir','','2026-01-12 09:13:15'),(540,30,826,'hadir','','2026-01-12 09:13:15'),(541,30,827,'hadir','','2026-01-12 09:13:15'),(542,30,832,'hadir','','2026-01-12 09:13:15'),(543,30,861,'hadir','','2026-01-12 09:13:15'),(544,30,866,'hadir','','2026-01-12 09:13:15'),(545,30,907,'hadir','','2026-01-12 09:13:15'),(546,30,912,'hadir','','2026-01-12 09:13:15'),(547,30,944,'hadir','','2026-01-12 09:13:15'),(548,30,957,'hadir','','2026-01-12 09:13:15'),(549,30,961,'hadir','','2026-01-12 09:13:15'),(550,30,962,'hadir','','2026-01-12 09:13:15'),(551,30,964,'hadir','','2026-01-12 09:13:15'),(552,30,968,'hadir','','2026-01-12 09:13:15'),(553,30,971,'hadir','','2026-01-12 09:13:15'),(554,30,974,'hadir','','2026-01-12 09:13:15'),(555,30,992,'hadir','','2026-01-12 09:13:15'),(556,30,998,'hadir','','2026-01-12 09:13:15'),(557,30,1009,'hadir','','2026-01-12 09:13:15'),(558,31,811,'hadir','','2026-01-12 09:14:44'),(559,31,839,'hadir','','2026-01-12 09:14:44'),(560,31,842,'hadir','','2026-01-12 09:14:44'),(561,31,872,'hadir','','2026-01-12 09:14:44'),(562,31,890,'hadir','','2026-01-12 09:14:44'),(563,31,898,'hadir','','2026-01-12 09:14:44'),(564,31,900,'hadir','','2026-01-12 09:14:44'),(565,31,910,'hadir','','2026-01-12 09:14:44'),(566,31,930,'hadir','','2026-01-12 09:14:44'),(567,31,949,'hadir','','2026-01-12 09:14:44'),(568,31,984,'hadir','','2026-01-12 09:14:44'),(569,31,990,'hadir','','2026-01-12 09:14:44'),(570,31,995,'hadir','','2026-01-12 09:14:44'),(571,31,1000,'hadir','','2026-01-12 09:14:44'),(572,31,1008,'hadir','','2026-01-12 09:14:44'),(609,34,848,'alpa','','2026-01-12 09:14:59'),(610,34,857,'alpa','','2026-01-12 09:14:59'),(611,34,870,'alpa','','2026-01-12 09:14:59'),(612,34,905,'alpa','','2026-01-12 09:14:59'),(613,34,906,'alpa','','2026-01-12 09:14:59'),(614,34,917,'alpa','','2026-01-12 09:14:59'),(615,34,919,'alpa','','2026-01-12 09:14:59'),(616,34,922,'alpa','','2026-01-12 09:14:59'),(617,34,925,'alpa','','2026-01-12 09:14:59'),(618,34,937,'alpa','','2026-01-12 09:14:59'),(619,34,938,'alpa','','2026-01-12 09:14:59'),(620,34,942,'alpa','','2026-01-12 09:14:59'),(621,34,947,'hadir','','2026-01-12 09:14:59'),(622,34,948,'alpa','','2026-01-12 09:14:59'),(623,34,973,'alpa','','2026-01-12 09:14:59'),(624,34,976,'alpa','','2026-01-12 09:14:59'),(625,34,981,'alpa','','2026-01-12 09:14:59'),(626,34,996,'alpa','','2026-01-12 09:14:59'),(627,34,1006,'alpa','','2026-01-12 09:14:59'),(628,34,1007,'hadir','','2026-01-12 09:14:59'),(629,35,814,'alpa','','2026-01-12 09:18:26'),(630,35,817,'alpa','','2026-01-12 09:18:26'),(631,35,822,'hadir','','2026-01-12 09:18:26'),(632,35,847,'alpa','','2026-01-12 09:18:26'),(633,35,876,'hadir','','2026-01-12 09:18:26'),(634,35,878,'hadir','','2026-01-12 09:18:26'),(635,35,885,'hadir','','2026-01-12 09:18:26'),(636,35,893,'hadir','','2026-01-12 09:18:26'),(637,35,918,'hadir','','2026-01-12 09:18:26'),(638,35,920,'hadir','','2026-01-12 09:18:26'),(639,35,926,'hadir','','2026-01-12 09:18:26'),(640,35,932,'alpa','','2026-01-12 09:18:26'),(641,35,935,'alpa','','2026-01-12 09:18:26'),(642,35,986,'hadir','','2026-01-12 09:18:26'),(643,35,988,'alpa','','2026-01-12 09:18:26'),(644,35,1011,'sakit','Habis Kecelakaan','2026-01-12 09:18:26'),(645,36,809,'alpa','','2026-01-12 09:20:23'),(646,36,813,'alpa','','2026-01-12 09:20:23'),(647,36,836,'izin','','2026-01-12 09:20:23'),(648,36,855,'hadir','','2026-01-12 09:20:23'),(649,36,864,'hadir','','2026-01-12 09:20:23'),(650,36,869,'hadir','','2026-01-12 09:20:23'),(651,36,883,'hadir','','2026-01-12 09:20:23'),(652,36,887,'alpa','','2026-01-12 09:20:23'),(653,36,896,'hadir','','2026-01-12 09:20:23'),(654,36,897,'alpa','','2026-01-12 09:20:23'),(655,36,928,'hadir','','2026-01-12 09:20:23'),(656,36,940,'alpa','','2026-01-12 09:20:23'),(657,36,943,'hadir','','2026-01-12 09:20:23'),(658,36,945,'hadir','','2026-01-12 09:20:23'),(659,36,951,'hadir','','2026-01-12 09:20:23'),(660,36,952,'alpa','','2026-01-12 09:20:23'),(661,36,977,'hadir','','2026-01-12 09:20:23'),(662,36,983,'alpa','','2026-01-12 09:20:23'),(663,36,985,'alpa','','2026-01-12 09:20:23'),(664,36,999,'hadir','','2026-01-12 09:20:23'),(665,36,1001,'hadir','','2026-01-12 09:20:23'),(666,36,1004,'alpa','','2026-01-12 09:20:23'),(667,37,819,'hadir','','2026-01-12 09:23:32'),(668,37,825,'hadir','','2026-01-12 09:23:32'),(669,37,826,'hadir','','2026-01-12 09:23:32'),(670,37,827,'izin','','2026-01-12 09:23:32'),(671,37,832,'hadir','','2026-01-12 09:23:32'),(672,37,861,'hadir','','2026-01-12 09:23:32'),(673,37,866,'sakit','','2026-01-12 09:23:32'),(674,37,907,'hadir','','2026-01-12 09:23:32'),(675,37,912,'hadir','','2026-01-12 09:23:32'),(676,37,944,'hadir','','2026-01-12 09:23:32'),(677,37,957,'hadir','','2026-01-12 09:23:32'),(678,37,961,'hadir','','2026-01-12 09:23:32'),(679,37,962,'alpa','','2026-01-12 09:23:32'),(680,37,964,'hadir','','2026-01-12 09:23:32'),(681,37,968,'hadir','','2026-01-12 09:23:32'),(682,37,971,'hadir','','2026-01-12 09:23:32'),(683,37,974,'hadir','','2026-01-12 09:23:32'),(684,37,992,'hadir','','2026-01-12 09:23:32'),(685,37,998,'hadir','','2026-01-12 09:23:32'),(686,37,1009,'hadir','','2026-01-12 09:23:32'),(687,38,823,'alpa','','2026-01-12 09:24:35'),(688,38,830,'alpa','','2026-01-12 09:24:35'),(689,38,856,'alpa','','2026-01-12 09:24:35'),(690,38,895,'alpa','','2026-01-12 09:24:35'),(691,38,909,'alpa','','2026-01-12 09:24:35'),(692,38,916,'alpa','','2026-01-12 09:24:35'),(693,38,923,'alpa','','2026-01-12 09:24:35'),(694,38,933,'alpa','','2026-01-12 09:24:35'),(695,38,953,'hadir','','2026-01-12 09:24:35'),(696,38,956,'hadir','','2026-01-12 09:24:35'),(697,38,975,'alpa','','2026-01-12 09:24:35'),(698,38,997,'alpa','','2026-01-12 09:24:35'),(699,39,812,'hadir','','2026-01-12 09:27:05'),(700,39,846,'hadir','','2026-01-12 09:27:05'),(701,39,849,'hadir','','2026-01-12 09:27:05'),(702,39,851,'hadir','','2026-01-12 09:27:05'),(703,39,858,'hadir','','2026-01-12 09:27:05'),(704,39,859,'hadir','','2026-01-12 09:27:05'),(705,39,863,'hadir','','2026-01-12 09:27:05'),(706,39,884,'hadir','','2026-01-12 09:27:05'),(707,39,894,'hadir','','2026-01-12 09:27:05'),(708,39,902,'hadir','','2026-01-12 09:27:05'),(709,39,903,'hadir','','2026-01-12 09:27:05'),(710,39,913,'hadir','','2026-01-12 09:27:05'),(711,39,927,'hadir','','2026-01-12 09:27:05'),(712,39,936,'hadir','','2026-01-12 09:27:05'),(713,39,955,'hadir','','2026-01-12 09:27:05'),(714,39,966,'hadir','','2026-01-12 09:27:05'),(715,39,967,'hadir','','2026-01-12 09:27:05'),(716,39,972,'hadir','','2026-01-12 09:27:05'),(717,39,989,'hadir','','2026-01-12 09:27:05'),(718,39,994,'hadir','','2026-01-12 09:27:05'),(719,39,1010,'hadir','','2026-01-12 09:27:05'),(736,41,821,'alpa','','2026-01-12 09:50:02'),(737,41,833,'alpa','','2026-01-12 09:50:02'),(738,41,834,'alpa','','2026-01-12 09:50:02'),(739,41,841,'alpa','','2026-01-12 09:50:02'),(740,41,843,'alpa','','2026-01-12 09:50:02'),(741,41,844,'alpa','','2026-01-12 09:50:02'),(742,41,860,'alpa','','2026-01-12 09:50:02'),(743,41,877,'alpa','','2026-01-12 09:50:02'),(744,41,891,'alpa','','2026-01-12 09:50:02'),(745,41,892,'alpa','','2026-01-12 09:50:02'),(746,41,921,'alpa','','2026-01-12 09:50:02'),(747,41,924,'alpa','','2026-01-12 09:50:02'),(748,41,929,'hadir','','2026-01-12 09:50:02'),(749,41,939,'alpa','','2026-01-12 09:50:02'),(750,41,960,'hadir','','2026-01-12 09:50:02'),(751,41,963,'alpa','','2026-01-12 09:50:02'),(752,41,1002,'hadir','','2026-01-12 09:50:02'),(753,41,1005,'hadir','','2026-01-12 09:50:02'),(754,42,835,'alpa','','2026-01-12 10:03:01'),(755,42,837,'alpa','','2026-01-12 10:03:01'),(756,42,838,'hadir','','2026-01-12 10:03:01'),(757,42,850,'hadir','','2026-01-12 10:03:01'),(758,42,853,'hadir','','2026-01-12 10:03:01'),(759,42,873,'alpa','','2026-01-12 10:03:01'),(760,42,874,'hadir','','2026-01-12 10:03:01'),(761,42,875,'alpa','','2026-01-12 10:03:01'),(762,42,881,'hadir','','2026-01-12 10:03:01'),(763,42,888,'hadir','','2026-01-12 10:03:01'),(764,42,889,'hadir','','2026-01-12 10:03:01'),(765,42,904,'hadir','','2026-01-12 10:03:01'),(766,42,914,'hadir','','2026-01-12 10:03:01'),(767,42,915,'hadir','','2026-01-12 10:03:01'),(768,42,950,'hadir','','2026-01-12 10:03:01'),(769,42,959,'hadir','','2026-01-12 10:03:01'),(770,42,965,'hadir','','2026-01-12 10:03:01'),(771,42,993,'alpa','','2026-01-12 10:03:01'),(772,42,1012,'hadir','','2026-01-12 10:03:01'),(773,43,821,'alpa','','2026-01-12 10:07:26'),(774,43,833,'alpa','','2026-01-12 10:07:26'),(775,43,834,'alpa','','2026-01-12 10:07:26'),(776,43,841,'alpa','','2026-01-12 10:07:26'),(777,43,843,'alpa','','2026-01-12 10:07:26'),(778,43,844,'alpa','','2026-01-12 10:07:26'),(779,43,860,'alpa','','2026-01-12 10:07:26'),(780,43,877,'alpa','','2026-01-12 10:07:26'),(781,43,891,'alpa','','2026-01-12 10:07:26'),(782,43,892,'alpa','','2026-01-12 10:07:26'),(783,43,921,'alpa','','2026-01-12 10:07:26'),(784,43,924,'alpa','','2026-01-12 10:07:26'),(785,43,929,'hadir','','2026-01-12 10:07:26'),(786,43,939,'alpa','','2026-01-12 10:07:26'),(787,43,960,'hadir','','2026-01-12 10:07:26'),(788,43,963,'sakit','','2026-01-12 10:07:26'),(789,43,1002,'izin','','2026-01-12 10:07:26'),(790,43,1005,'hadir','','2026-01-12 10:07:26'),(791,44,835,'alpa','','2026-01-12 10:15:15'),(792,44,837,'alpa','','2026-01-12 10:15:15'),(793,44,838,'hadir','','2026-01-12 10:15:15'),(794,44,850,'alpa','','2026-01-12 10:15:15'),(795,44,853,'hadir','','2026-01-12 10:15:15'),(796,44,873,'alpa','','2026-01-12 10:15:15'),(797,44,874,'hadir','','2026-01-12 10:15:15'),(798,44,875,'izin','Bekerja','2026-01-12 10:15:15'),(799,44,881,'hadir','','2026-01-12 10:15:15'),(800,44,888,'hadir','','2026-01-12 10:15:15'),(801,44,889,'hadir','','2026-01-12 10:15:15'),(802,44,904,'hadir','','2026-01-12 10:15:15'),(803,44,914,'hadir','','2026-01-12 10:15:15'),(804,44,915,'hadir','','2026-01-12 10:15:15'),(805,44,950,'hadir','','2026-01-12 10:15:15'),(806,44,959,'hadir','','2026-01-12 10:15:15'),(807,44,965,'hadir','','2026-01-12 10:15:15'),(808,44,993,'alpa','','2026-01-12 10:15:15'),(809,44,1012,'hadir','','2026-01-12 10:15:15'),(810,45,814,'alpa','','2026-01-12 10:20:24'),(811,45,817,'alpa','','2026-01-12 10:20:24'),(812,45,822,'hadir','','2026-01-12 10:20:24'),(813,45,847,'alpa','','2026-01-12 10:20:24'),(814,45,876,'hadir','','2026-01-12 10:20:24'),(815,45,878,'alpa','','2026-01-12 10:20:24'),(816,45,885,'hadir','','2026-01-12 10:20:24'),(817,45,893,'alpa','','2026-01-12 10:20:24'),(818,45,918,'hadir','','2026-01-12 10:20:24'),(819,45,920,'alpa','','2026-01-12 10:20:24'),(820,45,926,'hadir','','2026-01-12 10:20:24'),(821,45,932,'alpa','','2026-01-12 10:20:24'),(822,45,935,'alpa','','2026-01-12 10:20:24'),(823,45,986,'hadir','','2026-01-12 10:20:24'),(824,45,988,'alpa','','2026-01-12 10:20:24'),(825,45,1011,'sakit','Habis Kecelakaan','2026-01-12 10:20:24'),(826,46,810,'alpa','','2026-01-12 10:31:39'),(827,46,818,'alpa','','2026-01-12 10:31:39'),(828,46,824,'alpa','','2026-01-12 10:31:39'),(829,46,831,'hadir','','2026-01-12 10:31:39'),(830,46,840,'alpa','','2026-01-12 10:31:39'),(831,46,845,'alpa','','2026-01-12 10:31:39'),(832,46,854,'alpa','','2026-01-12 10:31:39'),(833,46,862,'hadir','','2026-01-12 10:31:39'),(834,46,865,'hadir','','2026-01-12 10:31:39'),(835,46,880,'hadir','','2026-01-12 10:31:39'),(836,46,886,'alpa','','2026-01-12 10:31:39'),(837,46,908,'hadir','','2026-01-12 10:31:39'),(838,46,946,'hadir','','2026-01-12 10:31:39'),(839,46,958,'hadir','','2026-01-12 10:31:39'),(840,46,969,'alpa','','2026-01-12 10:31:39'),(841,46,970,'alpa','','2026-01-12 10:31:39'),(842,46,979,'hadir','','2026-01-12 10:31:39'),(843,46,982,'hadir','','2026-01-12 10:31:39'),(844,46,987,'alpa','','2026-01-12 10:31:39'),(845,46,991,'alpa','','2026-01-12 10:31:39'),(907,50,835,'alpa','','2026-01-12 11:40:19'),(908,50,837,'alpa','','2026-01-12 11:40:19'),(909,50,838,'hadir','','2026-01-12 11:40:19'),(910,50,850,'sakit','','2026-01-12 11:40:19'),(911,50,853,'hadir','','2026-01-12 11:40:19'),(912,50,873,'alpa','','2026-01-12 11:40:19'),(913,50,874,'hadir','','2026-01-12 11:40:19'),(914,50,875,'izin','','2026-01-12 11:40:19'),(915,50,881,'hadir','','2026-01-12 11:40:19'),(916,50,888,'izin','','2026-01-12 11:40:19'),(917,50,889,'izin','','2026-01-12 11:40:19'),(918,50,904,'hadir','','2026-01-12 11:40:19'),(919,50,914,'alpa','','2026-01-12 11:40:19'),(920,50,915,'hadir','','2026-01-12 11:40:19'),(921,50,950,'hadir','','2026-01-12 11:40:19'),(922,50,959,'hadir','','2026-01-12 11:40:19'),(923,50,965,'alpa','','2026-01-12 11:40:19'),(924,50,993,'alpa','','2026-01-12 11:40:19'),(925,50,1012,'alpa','','2026-01-12 11:40:19'),(926,51,819,'alpa','','2026-01-12 11:46:22'),(927,51,825,'hadir','','2026-01-12 11:46:22'),(928,51,826,'hadir','','2026-01-12 11:46:22'),(929,51,827,'izin','','2026-01-12 11:46:22'),(930,51,832,'alpa','','2026-01-12 11:46:22'),(931,51,861,'hadir','','2026-01-12 11:46:22'),(932,51,866,'sakit','','2026-01-12 11:46:22'),(933,51,907,'izin','','2026-01-12 11:46:22'),(934,51,912,'izin','','2026-01-12 11:46:22'),(935,51,944,'hadir','','2026-01-12 11:46:22'),(936,51,957,'hadir','','2026-01-12 11:46:22'),(937,51,961,'hadir','','2026-01-12 11:46:22'),(938,51,962,'alpa','','2026-01-12 11:46:22'),(939,51,964,'izin','','2026-01-12 11:46:22'),(940,51,968,'hadir','','2026-01-12 11:46:22'),(941,51,971,'alpa','','2026-01-12 11:46:22'),(942,51,974,'hadir','','2026-01-12 11:46:22'),(943,51,992,'alpa','','2026-01-12 11:46:22'),(944,51,998,'hadir','','2026-01-12 11:46:22'),(945,51,1009,'izin','','2026-01-12 11:46:22'),(946,52,823,'alpa','','2026-01-12 13:19:15'),(947,52,830,'alpa','','2026-01-12 13:19:15'),(948,52,856,'alpa','','2026-01-12 13:19:15'),(949,52,895,'alpa','','2026-01-12 13:19:15'),(950,52,909,'izin','','2026-01-12 13:19:15'),(951,52,916,'alpa','','2026-01-12 13:19:15'),(952,52,923,'alpa','','2026-01-12 13:19:15'),(953,52,933,'alpa','','2026-01-12 13:19:15'),(954,52,953,'hadir','','2026-01-12 13:19:15'),(955,52,956,'hadir','','2026-01-12 13:19:15'),(956,52,975,'alpa','','2026-01-12 13:19:15'),(957,52,997,'alpa','','2026-01-12 13:19:15'),(958,53,819,'alpa','','2026-01-12 13:29:33'),(959,53,825,'hadir','','2026-01-12 13:29:33'),(960,53,826,'sakit','','2026-01-12 13:29:33'),(961,53,827,'alpa','','2026-01-12 13:29:33'),(962,53,832,'alpa','','2026-01-12 13:29:33'),(963,53,861,'hadir','','2026-01-12 13:29:33'),(964,53,866,'hadir','','2026-01-12 13:29:33'),(965,53,907,'hadir','','2026-01-12 13:29:33'),(966,53,912,'hadir','','2026-01-12 13:29:33'),(967,53,944,'hadir','','2026-01-12 13:29:33'),(968,53,957,'hadir','','2026-01-12 13:29:33'),(969,53,961,'hadir','','2026-01-12 13:29:33'),(970,53,962,'alpa','','2026-01-12 13:29:33'),(971,53,964,'hadir','','2026-01-12 13:29:33'),(972,53,968,'hadir','','2026-01-12 13:29:33'),(973,53,971,'hadir','','2026-01-12 13:29:33'),(974,53,974,'hadir','','2026-01-12 13:29:33'),(975,53,992,'alpa','','2026-01-12 13:29:33'),(976,53,998,'hadir','','2026-01-12 13:29:33'),(977,53,1009,'alpa','','2026-01-12 13:29:33'),(978,54,848,'alpa','','2026-01-12 14:08:27'),(979,54,857,'alpa','','2026-01-12 14:08:27'),(980,54,870,'alpa','','2026-01-12 14:08:27'),(981,54,905,'alpa','','2026-01-12 14:08:27'),(982,54,906,'alpa','','2026-01-12 14:08:27'),(983,54,917,'alpa','','2026-01-12 14:08:27'),(984,54,919,'alpa','','2026-01-12 14:08:27'),(985,54,922,'alpa','','2026-01-12 14:08:27'),(986,54,925,'alpa','','2026-01-12 14:08:27'),(987,54,937,'alpa','','2026-01-12 14:08:27'),(988,54,938,'alpa','','2026-01-12 14:08:27'),(989,54,942,'alpa','','2026-01-12 14:08:27'),(990,54,947,'hadir','','2026-01-12 14:08:27'),(991,54,948,'alpa','','2026-01-12 14:08:27'),(992,54,973,'alpa','','2026-01-12 14:08:27'),(993,54,976,'alpa','','2026-01-12 14:08:27'),(994,54,981,'alpa','','2026-01-12 14:08:27'),(995,54,996,'alpa','','2026-01-12 14:08:27'),(996,54,1006,'alpa','','2026-01-12 14:08:27'),(997,54,1007,'hadir','','2026-01-12 14:08:27'),(998,55,848,'alpa','','2026-01-12 14:10:05'),(999,55,857,'alpa','','2026-01-12 14:10:05'),(1000,55,870,'alpa','','2026-01-12 14:10:05'),(1001,55,905,'alpa','','2026-01-12 14:10:05'),(1002,55,906,'alpa','','2026-01-12 14:10:05'),(1003,55,917,'alpa','','2026-01-12 14:10:05'),(1004,55,919,'alpa','','2026-01-12 14:10:05'),(1005,55,922,'alpa','','2026-01-12 14:10:05'),(1006,55,925,'alpa','','2026-01-12 14:10:05'),(1007,55,937,'alpa','','2026-01-12 14:10:05'),(1008,55,938,'alpa','','2026-01-12 14:10:05'),(1009,55,942,'alpa','','2026-01-12 14:10:05'),(1010,55,947,'alpa','','2026-01-12 14:10:05'),(1011,55,948,'alpa','','2026-01-12 14:10:05'),(1012,55,973,'alpa','','2026-01-12 14:10:05'),(1013,55,976,'alpa','','2026-01-12 14:10:05'),(1014,55,981,'alpa','','2026-01-12 14:10:05'),(1015,55,996,'alpa','','2026-01-12 14:10:05'),(1016,55,1006,'alpa','','2026-01-12 14:10:05'),(1017,55,1007,'hadir','','2026-01-12 14:10:05'),(1018,56,814,'alpa','','2026-01-12 14:11:16'),(1019,56,817,'alpa','','2026-01-12 14:11:16'),(1020,56,822,'hadir','','2026-01-12 14:11:16'),(1021,56,847,'alpa','','2026-01-12 14:11:16'),(1022,56,876,'hadir','','2026-01-12 14:11:16'),(1023,56,878,'alpa','','2026-01-12 14:11:16'),(1024,56,885,'hadir','','2026-01-12 14:11:16'),(1025,56,893,'alpa','','2026-01-12 14:11:16'),(1026,56,918,'hadir','','2026-01-12 14:11:16'),(1027,56,920,'alpa','','2026-01-12 14:11:16'),(1028,56,926,'hadir','','2026-01-12 14:11:16'),(1029,56,932,'alpa','','2026-01-12 14:11:16'),(1030,56,935,'alpa','','2026-01-12 14:11:16'),(1031,56,986,'hadir','','2026-01-12 14:11:16'),(1032,56,988,'alpa','','2026-01-12 14:11:16'),(1033,56,1011,'alpa','','2026-01-12 14:11:16'),(1034,57,835,'alpa','','2026-01-12 14:29:50'),(1035,57,837,'alpa','','2026-01-12 14:29:50'),(1036,57,838,'hadir','','2026-01-12 14:29:50'),(1037,57,850,'alpa','','2026-01-12 14:29:50'),(1038,57,853,'hadir','','2026-01-12 14:29:50'),(1039,57,873,'alpa','','2026-01-12 14:29:50'),(1040,57,874,'hadir','','2026-01-12 14:29:50'),(1041,57,875,'alpa','','2026-01-12 14:29:50'),(1042,57,881,'hadir','','2026-01-12 14:29:50'),(1043,57,888,'sakit','Demam','2026-01-12 14:29:50'),(1044,57,889,'hadir','','2026-01-12 14:29:50'),(1045,57,904,'hadir','','2026-01-12 14:29:50'),(1046,57,914,'hadir','','2026-01-12 14:29:50'),(1047,57,915,'hadir','','2026-01-12 14:29:50'),(1048,57,950,'hadir','','2026-01-12 14:29:50'),(1049,57,959,'hadir','','2026-01-12 14:29:50'),(1050,57,965,'hadir','','2026-01-12 14:29:50'),(1051,57,993,'alpa','','2026-01-12 14:29:50'),(1052,57,1012,'hadir','','2026-01-12 14:29:50'),(1053,58,815,'alpa','','2026-01-12 14:56:28'),(1054,58,816,'hadir','','2026-01-12 14:56:28'),(1055,58,820,'hadir','','2026-01-12 14:56:28'),(1056,58,828,'hadir','','2026-01-12 14:56:28'),(1057,58,829,'hadir','','2026-01-12 14:56:28'),(1058,58,852,'hadir','','2026-01-12 14:56:28'),(1059,58,867,'alpa','','2026-01-12 14:56:28'),(1060,58,868,'alpa','','2026-01-12 14:56:28'),(1061,58,871,'sakit','','2026-01-12 14:56:28'),(1062,58,879,'hadir','','2026-01-12 14:56:28'),(1063,58,882,'hadir','','2026-01-12 14:56:28'),(1064,58,899,'hadir','','2026-01-12 14:56:28'),(1065,58,901,'hadir','','2026-01-12 14:56:28'),(1066,58,911,'alpa','','2026-01-12 14:56:28'),(1067,58,931,'izin','','2026-01-12 14:56:28'),(1068,58,934,'hadir','','2026-01-12 14:56:28'),(1069,58,941,'alpa','','2026-01-12 14:56:28'),(1070,58,954,'hadir','','2026-01-12 14:56:28'),(1071,58,978,'hadir','','2026-01-12 14:56:28'),(1072,58,980,'hadir','','2026-01-12 14:56:28'),(1073,58,1003,'hadir','','2026-01-12 14:56:28'),(1074,59,835,'alpa','','2026-01-12 15:00:00'),(1075,59,837,'alpa','','2026-01-12 15:00:00'),(1076,59,838,'hadir','','2026-01-12 15:00:00'),(1077,59,850,'alpa','','2026-01-12 15:00:00'),(1078,59,853,'hadir','','2026-01-12 15:00:00'),(1079,59,873,'alpa','','2026-01-12 15:00:00'),(1080,59,874,'hadir','','2026-01-12 15:00:00'),(1081,59,875,'izin','','2026-01-12 15:00:00'),(1082,59,881,'hadir','','2026-01-12 15:00:00'),(1083,59,888,'sakit','','2026-01-12 15:00:00'),(1084,59,889,'hadir','','2026-01-12 15:00:00'),(1085,59,904,'hadir','','2026-01-12 15:00:00'),(1086,59,914,'hadir','','2026-01-12 15:00:00'),(1087,59,915,'hadir','','2026-01-12 15:00:00'),(1088,59,950,'hadir','','2026-01-12 15:00:00'),(1089,59,959,'hadir','','2026-01-12 15:00:00'),(1090,59,965,'hadir','','2026-01-12 15:00:00'),(1091,59,993,'alpa','','2026-01-12 15:00:00'),(1092,59,1012,'hadir','','2026-01-12 15:00:00'),(1093,60,811,'alpa','','2026-01-12 15:08:07'),(1094,60,839,'hadir','','2026-01-12 15:08:07'),(1095,60,842,'hadir','','2026-01-12 15:08:07'),(1096,60,872,'alpa','','2026-01-12 15:08:07'),(1097,60,890,'hadir','','2026-01-12 15:08:07'),(1098,60,898,'alpa','','2026-01-12 15:08:07'),(1099,60,900,'hadir','','2026-01-12 15:08:07'),(1100,60,910,'alpa','','2026-01-12 15:08:07'),(1101,60,930,'hadir','','2026-01-12 15:08:07'),(1102,60,949,'izin','','2026-01-12 15:08:07'),(1103,60,984,'alpa','','2026-01-12 15:08:07'),(1104,60,990,'hadir','','2026-01-12 15:08:07'),(1105,60,995,'izin','','2026-01-12 15:08:07'),(1106,60,1000,'sakit','','2026-01-12 15:08:07'),(1107,60,1008,'hadir','','2026-01-12 15:08:07'),(1108,61,809,'alpa','','2026-01-12 15:27:19'),(1109,61,813,'alpa','','2026-01-12 15:27:19'),(1110,61,836,'izin','','2026-01-12 15:27:19'),(1111,61,855,'hadir','','2026-01-12 15:27:19'),(1112,61,864,'hadir','','2026-01-12 15:27:19'),(1113,61,869,'izin','','2026-01-12 15:27:19'),(1114,61,883,'hadir','','2026-01-12 15:27:19'),(1115,61,887,'alpa','','2026-01-12 15:27:19'),(1116,61,896,'hadir','','2026-01-12 15:27:19'),(1117,61,897,'alpa','','2026-01-12 15:27:19'),(1118,61,928,'hadir','','2026-01-12 15:27:19'),(1119,61,940,'alpa','','2026-01-12 15:27:19'),(1120,61,943,'hadir','','2026-01-12 15:27:19'),(1121,61,945,'alpa','','2026-01-12 15:27:19'),(1122,61,951,'hadir','','2026-01-12 15:27:19'),(1123,61,952,'alpa','','2026-01-12 15:27:19'),(1124,61,977,'hadir','','2026-01-12 15:27:19'),(1125,61,983,'alpa','','2026-01-12 15:27:19'),(1126,61,985,'alpa','','2026-01-12 15:27:19'),(1127,61,999,'hadir','','2026-01-12 15:27:19'),(1128,61,1001,'hadir','','2026-01-12 15:27:19'),(1129,61,1004,'alpa','','2026-01-12 15:27:19'),(1130,62,819,'alpa','','2026-01-12 16:24:57'),(1131,62,825,'hadir','','2026-01-12 16:24:57'),(1132,62,826,'izin','','2026-01-12 16:24:57'),(1133,62,827,'alpa','','2026-01-12 16:24:57'),(1134,62,832,'alpa','','2026-01-12 16:24:57'),(1135,62,861,'hadir','','2026-01-12 16:24:57'),(1136,62,866,'hadir','','2026-01-12 16:24:57'),(1137,62,907,'hadir','','2026-01-12 16:24:57'),(1138,62,912,'hadir','','2026-01-12 16:24:57'),(1139,62,944,'hadir','','2026-01-12 16:24:57'),(1140,62,957,'hadir','','2026-01-12 16:24:57'),(1141,62,961,'hadir','','2026-01-12 16:24:57'),(1142,62,962,'alpa','','2026-01-12 16:24:57'),(1143,62,964,'hadir','','2026-01-12 16:24:57'),(1144,62,968,'hadir','','2026-01-12 16:24:57'),(1145,62,971,'alpa','','2026-01-12 16:24:57'),(1146,62,974,'hadir','','2026-01-12 16:24:57'),(1147,62,992,'alpa','','2026-01-12 16:24:57'),(1148,62,998,'hadir','','2026-01-12 16:24:57'),(1149,62,1009,'alpa','','2026-01-12 16:24:57'),(1258,69,835,'alpa','','2026-01-13 05:58:59'),(1259,69,837,'alpa','','2026-01-13 05:58:59'),(1260,69,838,'hadir','','2026-01-13 05:58:59'),(1261,69,850,'alpa','','2026-01-13 05:58:59'),(1262,69,853,'hadir','','2026-01-13 05:58:59'),(1263,69,873,'hadir','','2026-01-13 05:58:59'),(1264,69,874,'hadir','','2026-01-13 05:58:59'),(1265,69,875,'hadir','','2026-01-13 05:58:59'),(1266,69,881,'hadir','','2026-01-13 05:58:59'),(1267,69,888,'hadir','','2026-01-13 05:58:59'),(1268,69,889,'hadir','','2026-01-13 05:58:59'),(1269,69,904,'hadir','','2026-01-13 05:58:59'),(1270,69,914,'hadir','','2026-01-13 05:58:59'),(1271,69,915,'hadir','','2026-01-13 05:58:59'),(1272,69,950,'hadir','','2026-01-13 05:58:59'),(1273,69,959,'hadir','','2026-01-13 05:58:59'),(1274,69,965,'alpa','','2026-01-13 05:58:59'),(1275,69,993,'alpa','','2026-01-13 05:58:59'),(1276,69,1012,'hadir','','2026-01-13 05:58:59'),(1292,71,811,'alpa','','2026-01-13 10:21:43'),(1293,71,839,'hadir','','2026-01-13 10:21:43'),(1294,71,842,'alpa','','2026-01-13 10:21:43'),(1295,71,872,'alpa','','2026-01-13 10:21:43'),(1296,71,890,'alpa','','2026-01-13 10:21:43'),(1297,71,898,'alpa','','2026-01-13 10:21:43'),(1298,71,900,'hadir','','2026-01-13 10:21:43'),(1299,71,910,'alpa','','2026-01-13 10:21:43'),(1300,71,930,'hadir','','2026-01-13 10:21:43'),(1301,71,949,'izin','','2026-01-13 10:21:43'),(1302,71,984,'alpa','','2026-01-13 10:21:43'),(1303,71,990,'hadir','','2026-01-13 10:21:43'),(1304,71,995,'izin','','2026-01-13 10:21:43'),(1305,71,1000,'hadir','','2026-01-13 10:21:43'),(1306,71,1008,'hadir','','2026-01-13 10:21:43'),(1307,72,823,'hadir','','2026-01-13 10:26:21'),(1308,72,830,'alpa','','2026-01-13 10:26:21'),(1309,72,856,'alpa','','2026-01-13 10:26:21'),(1310,72,895,'alpa','','2026-01-13 10:26:21'),(1311,72,909,'hadir','','2026-01-13 10:26:21'),(1312,72,916,'hadir','','2026-01-13 10:26:21'),(1313,72,923,'alpa','','2026-01-13 10:26:21'),(1314,72,933,'hadir','','2026-01-13 10:26:21'),(1315,72,953,'hadir','','2026-01-13 10:26:21'),(1316,72,956,'hadir','','2026-01-13 10:26:21'),(1317,72,975,'hadir','','2026-01-13 10:26:21'),(1318,72,997,'alpa','','2026-01-13 10:26:21'),(1319,73,811,'alpa','','2026-01-13 10:29:40'),(1320,73,839,'hadir','','2026-01-13 10:29:40'),(1321,73,842,'hadir','','2026-01-13 10:29:40'),(1322,73,872,'alpa','','2026-01-13 10:29:40'),(1323,73,890,'alpa','','2026-01-13 10:29:40'),(1324,73,898,'alpa','','2026-01-13 10:29:40'),(1325,73,900,'hadir','','2026-01-13 10:29:40'),(1326,73,910,'alpa','','2026-01-13 10:29:40'),(1327,73,930,'hadir','','2026-01-13 10:29:40'),(1328,73,949,'hadir','','2026-01-13 10:29:40'),(1329,73,984,'alpa','','2026-01-13 10:29:40'),(1330,73,990,'hadir','','2026-01-13 10:29:40'),(1331,73,995,'sakit','','2026-01-13 10:29:40'),(1332,73,1000,'sakit','','2026-01-13 10:29:40'),(1333,73,1008,'hadir','','2026-01-13 10:29:40'),(1334,74,815,'alpa','','2026-01-13 10:30:07'),(1335,74,816,'hadir','','2026-01-13 10:30:07'),(1336,74,820,'hadir','','2026-01-13 10:30:07'),(1337,74,828,'hadir','','2026-01-13 10:30:07'),(1338,74,829,'alpa','','2026-01-13 10:30:07'),(1339,74,852,'hadir','','2026-01-13 10:30:07'),(1340,74,867,'alpa','','2026-01-13 10:30:07'),(1341,74,868,'alpa','','2026-01-13 10:30:07'),(1342,74,871,'sakit','','2026-01-13 10:30:07'),(1343,74,879,'sakit','','2026-01-13 10:30:07'),(1344,74,882,'hadir','','2026-01-13 10:30:07'),(1345,74,899,'alpa','','2026-01-13 10:30:07'),(1346,74,901,'hadir','','2026-01-13 10:30:07'),(1347,74,911,'alpa','','2026-01-13 10:30:07'),(1348,74,931,'hadir','','2026-01-13 10:30:07'),(1349,74,934,'hadir','','2026-01-13 10:30:07'),(1350,74,941,'hadir','','2026-01-13 10:30:07'),(1351,74,954,'hadir','','2026-01-13 10:30:07'),(1352,74,978,'alpa','','2026-01-13 10:30:07'),(1353,74,980,'hadir','','2026-01-13 10:30:07'),(1354,74,1003,'alpa','','2026-01-13 10:30:07'),(1355,75,819,'alpa','','2026-01-13 10:37:11'),(1356,75,825,'hadir','','2026-01-13 10:37:11'),(1357,75,826,'sakit','','2026-01-13 10:37:11'),(1358,75,827,'izin','','2026-01-13 10:37:11'),(1359,75,832,'hadir','','2026-01-13 10:37:11'),(1360,75,861,'hadir','','2026-01-13 10:37:11'),(1361,75,866,'hadir','','2026-01-13 10:37:11'),(1362,75,907,'hadir','','2026-01-13 10:37:11'),(1363,75,912,'alpa','','2026-01-13 10:37:11'),(1364,75,944,'hadir','','2026-01-13 10:37:11'),(1365,75,957,'hadir','','2026-01-13 10:37:11'),(1366,75,961,'hadir','','2026-01-13 10:37:11'),(1367,75,962,'alpa','','2026-01-13 10:37:11'),(1368,75,964,'hadir','','2026-01-13 10:37:11'),(1369,75,968,'hadir','','2026-01-13 10:37:11'),(1370,75,971,'izin','','2026-01-13 10:37:11'),(1371,75,974,'alpa','','2026-01-13 10:37:11'),(1372,75,992,'alpa','','2026-01-13 10:37:11'),(1373,75,998,'hadir','','2026-01-13 10:37:11'),(1374,75,1009,'alpa','','2026-01-13 10:37:11'),(1375,76,848,'alpa','','2026-01-13 10:39:22'),(1376,76,857,'alpa','','2026-01-13 10:39:22'),(1377,76,870,'alpa','','2026-01-13 10:39:22'),(1378,76,905,'alpa','','2026-01-13 10:39:22'),(1379,76,906,'alpa','','2026-01-13 10:39:22'),(1380,76,917,'alpa','','2026-01-13 10:39:22'),(1381,76,919,'alpa','','2026-01-13 10:39:22'),(1382,76,922,'alpa','','2026-01-13 10:39:22'),(1383,76,925,'alpa','','2026-01-13 10:39:22'),(1384,76,937,'alpa','','2026-01-13 10:39:22'),(1385,76,938,'alpa','','2026-01-13 10:39:22'),(1386,76,942,'alpa','','2026-01-13 10:39:22'),(1387,76,947,'hadir','','2026-01-13 10:39:22'),(1388,76,948,'alpa','','2026-01-13 10:39:22'),(1389,76,973,'alpa','','2026-01-13 10:39:22'),(1390,76,976,'alpa','','2026-01-13 10:39:22'),(1391,76,981,'alpa','','2026-01-13 10:39:22'),(1392,76,996,'alpa','','2026-01-13 10:39:22'),(1393,76,1006,'alpa','','2026-01-13 10:39:22'),(1394,76,1007,'hadir','','2026-01-13 10:39:22'),(1395,77,810,'alpa','','2026-01-13 10:40:59'),(1396,77,818,'alpa','','2026-01-13 10:40:59'),(1397,77,824,'alpa','','2026-01-13 10:40:59'),(1398,77,831,'hadir','','2026-01-13 10:40:59'),(1399,77,840,'alpa','','2026-01-13 10:40:59'),(1400,77,845,'alpa','','2026-01-13 10:40:59'),(1401,77,854,'alpa','','2026-01-13 10:40:59'),(1402,77,862,'alpa','','2026-01-13 10:40:59'),(1403,77,865,'hadir','','2026-01-13 10:40:59'),(1404,77,880,'hadir','','2026-01-13 10:40:59'),(1405,77,886,'alpa','','2026-01-13 10:40:59'),(1406,77,908,'hadir','','2026-01-13 10:40:59'),(1407,77,946,'hadir','','2026-01-13 10:40:59'),(1408,77,958,'hadir','','2026-01-13 10:40:59'),(1409,77,969,'alpa','','2026-01-13 10:40:59'),(1410,77,970,'alpa','','2026-01-13 10:40:59'),(1411,77,979,'hadir','','2026-01-13 10:40:59'),(1412,77,982,'hadir','','2026-01-13 10:40:59'),(1413,77,987,'alpa','','2026-01-13 10:40:59'),(1414,77,991,'alpa','','2026-01-13 10:40:59'),(1415,78,821,'alpa','','2026-01-13 10:42:46'),(1416,78,833,'alpa','','2026-01-13 10:42:46'),(1417,78,834,'alpa','','2026-01-13 10:42:46'),(1418,78,841,'alpa','','2026-01-13 10:42:46'),(1419,78,843,'alpa','','2026-01-13 10:42:46'),(1420,78,844,'hadir','','2026-01-13 10:42:46'),(1421,78,860,'alpa','','2026-01-13 10:42:46'),(1422,78,877,'alpa','','2026-01-13 10:42:46'),(1423,78,891,'alpa','','2026-01-13 10:42:46'),(1424,78,892,'alpa','','2026-01-13 10:42:46'),(1425,78,921,'alpa','','2026-01-13 10:42:46'),(1426,78,924,'alpa','','2026-01-13 10:42:46'),(1427,78,929,'hadir','','2026-01-13 10:42:46'),(1428,78,939,'alpa','','2026-01-13 10:42:46'),(1429,78,960,'hadir','','2026-01-13 10:42:46'),(1430,78,963,'alpa','','2026-01-13 10:42:46'),(1431,78,1002,'hadir','','2026-01-13 10:42:46'),(1432,78,1005,'hadir','','2026-01-13 10:42:46'),(1433,79,810,'alpa','','2026-01-13 10:46:29'),(1434,79,818,'alpa','','2026-01-13 10:46:29'),(1435,79,824,'alpa','','2026-01-13 10:46:29'),(1436,79,831,'hadir','','2026-01-13 10:46:29'),(1437,79,840,'alpa','','2026-01-13 10:46:29'),(1438,79,845,'alpa','','2026-01-13 10:46:29'),(1439,79,854,'alpa','','2026-01-13 10:46:29'),(1440,79,862,'hadir','','2026-01-13 10:46:29'),(1441,79,865,'hadir','','2026-01-13 10:46:29'),(1442,79,880,'hadir','','2026-01-13 10:46:29'),(1443,79,886,'alpa','','2026-01-13 10:46:29'),(1444,79,908,'hadir','','2026-01-13 10:46:29'),(1445,79,946,'hadir','','2026-01-13 10:46:29'),(1446,79,958,'hadir','','2026-01-13 10:46:29'),(1447,79,969,'alpa','','2026-01-13 10:46:29'),(1448,79,970,'alpa','','2026-01-13 10:46:29'),(1449,79,979,'hadir','','2026-01-13 10:46:29'),(1450,79,982,'hadir','','2026-01-13 10:46:29'),(1451,79,987,'alpa','','2026-01-13 10:46:29'),(1452,79,991,'sakit','','2026-01-13 10:46:29'),(1453,80,812,'alpa','','2026-01-13 11:15:04'),(1454,80,846,'hadir','','2026-01-13 11:15:04'),(1455,80,849,'alpa','','2026-01-13 11:15:04'),(1456,80,851,'alpa','','2026-01-13 11:15:04'),(1457,80,858,'hadir','','2026-01-13 11:15:04'),(1458,80,859,'hadir','','2026-01-13 11:15:04'),(1459,80,863,'hadir','','2026-01-13 11:15:04'),(1460,80,884,'hadir','','2026-01-13 11:15:04'),(1461,80,894,'alpa','','2026-01-13 11:15:04'),(1462,80,902,'hadir','','2026-01-13 11:15:04'),(1463,80,903,'hadir','','2026-01-13 11:15:04'),(1464,80,913,'alpa','','2026-01-13 11:15:04'),(1465,80,927,'alpa','','2026-01-13 11:15:04'),(1466,80,936,'alpa','','2026-01-13 11:15:04'),(1467,80,955,'hadir','','2026-01-13 11:15:04'),(1468,80,966,'hadir','','2026-01-13 11:15:04'),(1469,80,967,'hadir','','2026-01-13 11:15:04'),(1470,80,972,'alpa','','2026-01-13 11:15:04'),(1471,80,989,'hadir','','2026-01-13 11:15:04'),(1472,80,994,'alpa','','2026-01-13 11:15:04'),(1473,80,1010,'alpa','','2026-01-13 11:15:04'),(1489,82,811,'izin','','2026-01-13 11:39:59'),(1490,82,839,'hadir','','2026-01-13 11:39:59'),(1491,82,842,'alpa','','2026-01-13 11:39:59'),(1492,82,872,'alpa','','2026-01-13 11:39:59'),(1493,82,890,'alpa','','2026-01-13 11:39:59'),(1494,82,898,'alpa','','2026-01-13 11:39:59'),(1495,82,900,'hadir','','2026-01-13 11:39:59'),(1496,82,910,'alpa','','2026-01-13 11:39:59'),(1497,82,930,'hadir','','2026-01-13 11:39:59'),(1498,82,949,'hadir','','2026-01-13 11:39:59'),(1499,82,984,'alpa','','2026-01-13 11:39:59'),(1500,82,990,'hadir','','2026-01-13 11:39:59'),(1501,82,995,'sakit','','2026-01-13 11:39:59'),(1502,82,1000,'sakit','','2026-01-13 11:39:59'),(1503,82,1008,'hadir','','2026-01-13 11:39:59'),(1524,84,848,'alpa','','2026-01-13 11:51:47'),(1525,84,857,'alpa','','2026-01-13 11:51:47'),(1526,84,870,'alpa','','2026-01-13 11:51:47'),(1527,84,905,'alpa','','2026-01-13 11:51:47'),(1528,84,906,'alpa','','2026-01-13 11:51:47'),(1529,84,917,'alpa','','2026-01-13 11:51:47'),(1530,84,919,'hadir','','2026-01-13 11:51:47'),(1531,84,922,'alpa','','2026-01-13 11:51:47'),(1532,84,925,'alpa','','2026-01-13 11:51:47'),(1533,84,937,'alpa','','2026-01-13 11:51:47'),(1534,84,938,'alpa','','2026-01-13 11:51:47'),(1535,84,942,'alpa','','2026-01-13 11:51:47'),(1536,84,947,'hadir','','2026-01-13 11:51:47'),(1537,84,948,'alpa','','2026-01-13 11:51:47'),(1538,84,973,'alpa','','2026-01-13 11:51:47'),(1539,84,976,'alpa','','2026-01-13 11:51:47'),(1540,84,981,'alpa','','2026-01-13 11:51:47'),(1541,84,996,'alpa','','2026-01-13 11:51:47'),(1542,84,1006,'alpa','','2026-01-13 11:51:47'),(1543,84,1007,'hadir','','2026-01-13 11:51:47'),(1544,85,814,'alpa','','2026-01-13 11:59:01'),(1545,85,817,'alpa','','2026-01-13 11:59:01'),(1546,85,822,'alpa','','2026-01-13 11:59:01'),(1547,85,847,'alpa','','2026-01-13 11:59:01'),(1548,85,876,'hadir','','2026-01-13 11:59:01'),(1549,85,878,'alpa','','2026-01-13 11:59:01'),(1550,85,885,'alpa','','2026-01-13 11:59:01'),(1551,85,893,'alpa','','2026-01-13 11:59:01'),(1552,85,918,'alpa','','2026-01-13 11:59:01'),(1553,85,920,'alpa','','2026-01-13 11:59:01'),(1554,85,926,'alpa','','2026-01-13 11:59:01'),(1555,85,932,'alpa','','2026-01-13 11:59:01'),(1556,85,935,'alpa','','2026-01-13 11:59:01'),(1557,85,986,'hadir','','2026-01-13 11:59:01'),(1558,85,988,'alpa','','2026-01-13 11:59:01'),(1559,85,1011,'alpa','','2026-01-13 11:59:01'),(1560,86,815,'alpa','','2026-01-13 13:11:33'),(1561,86,816,'hadir','','2026-01-13 13:11:33'),(1562,86,820,'hadir','','2026-01-13 13:11:33'),(1563,86,828,'alpa','','2026-01-13 13:11:33'),(1564,86,829,'alpa','','2026-01-13 13:11:33'),(1565,86,852,'hadir','','2026-01-13 13:11:33'),(1566,86,867,'alpa','','2026-01-13 13:11:33'),(1567,86,868,'alpa','','2026-01-13 13:11:33'),(1568,86,871,'sakit','Demam','2026-01-13 13:11:33'),(1569,86,879,'hadir','','2026-01-13 13:11:33'),(1570,86,882,'hadir','','2026-01-13 13:11:33'),(1571,86,899,'hadir','','2026-01-13 13:11:33'),(1572,86,901,'hadir','','2026-01-13 13:11:33'),(1573,86,911,'alpa','','2026-01-13 13:11:33'),(1574,86,931,'hadir','','2026-01-13 13:11:33'),(1575,86,934,'hadir','','2026-01-13 13:11:33'),(1576,86,941,'hadir','','2026-01-13 13:11:33'),(1577,86,954,'hadir','','2026-01-13 13:11:33'),(1578,86,978,'alpa','','2026-01-13 13:11:33'),(1579,86,980,'hadir','','2026-01-13 13:11:33'),(1580,86,1003,'alpa','','2026-01-13 13:11:33'),(1581,87,835,'hadir','','2026-01-13 13:31:07'),(1582,87,837,'alpa','','2026-01-13 13:31:07'),(1583,87,838,'hadir','','2026-01-13 13:31:07'),(1584,87,850,'alpa','','2026-01-13 13:31:07'),(1585,87,853,'hadir','','2026-01-13 13:31:07'),(1586,87,873,'hadir','','2026-01-13 13:31:07'),(1587,87,874,'hadir','','2026-01-13 13:31:07'),(1588,87,875,'alpa','','2026-01-13 13:31:07'),(1589,87,881,'hadir','','2026-01-13 13:31:07'),(1590,87,888,'hadir','','2026-01-13 13:31:07'),(1591,87,889,'hadir','','2026-01-13 13:31:07'),(1592,87,904,'hadir','','2026-01-13 13:31:07'),(1593,87,914,'hadir','','2026-01-13 13:31:07'),(1594,87,915,'hadir','','2026-01-13 13:31:07'),(1595,87,950,'hadir','','2026-01-13 13:31:07'),(1596,87,959,'izin','Mengantar ibu pergi Rapat','2026-01-13 13:31:07'),(1597,87,965,'alpa','','2026-01-13 13:31:07'),(1598,87,993,'alpa','','2026-01-13 13:31:07'),(1599,87,1012,'hadir','','2026-01-13 13:31:07'),(1600,88,809,'alpa','','2026-01-13 15:19:46'),(1601,88,813,'hadir','','2026-01-13 15:19:46'),(1602,88,836,'izin','','2026-01-13 15:19:46'),(1603,88,855,'izin','','2026-01-13 15:19:46'),(1604,88,864,'hadir','','2026-01-13 15:19:46'),(1605,88,869,'hadir','','2026-01-13 15:19:46'),(1606,88,883,'alpa','','2026-01-13 15:19:46'),(1607,88,887,'alpa','','2026-01-13 15:19:46'),(1608,88,896,'hadir','','2026-01-13 15:19:46'),(1609,88,897,'alpa','','2026-01-13 15:19:46'),(1610,88,928,'hadir','','2026-01-13 15:19:46'),(1611,88,940,'alpa','','2026-01-13 15:19:46'),(1612,88,943,'hadir','','2026-01-13 15:19:46'),(1613,88,945,'hadir','','2026-01-13 15:19:46'),(1614,88,951,'hadir','','2026-01-13 15:19:46'),(1615,88,952,'alpa','','2026-01-13 15:19:46'),(1616,88,977,'hadir','','2026-01-13 15:19:46'),(1617,88,983,'alpa','','2026-01-13 15:19:46'),(1618,88,985,'alpa','','2026-01-13 15:19:46'),(1619,88,999,'hadir','','2026-01-13 15:19:46'),(1620,88,1001,'hadir','','2026-01-13 15:19:46'),(1621,88,1004,'alpa','','2026-01-13 15:19:46'),(1622,89,814,'alpa','','2026-01-13 15:38:05'),(1623,89,817,'alpa','','2026-01-13 15:38:05'),(1624,89,822,'alpa','','2026-01-13 15:38:05'),(1625,89,847,'alpa','','2026-01-13 15:38:05'),(1626,89,876,'hadir','','2026-01-13 15:38:05'),(1627,89,878,'alpa','','2026-01-13 15:38:05'),(1628,89,885,'alpa','','2026-01-13 15:38:05'),(1629,89,893,'alpa','','2026-01-13 15:38:05'),(1630,89,918,'alpa','','2026-01-13 15:38:05'),(1631,89,920,'alpa','','2026-01-13 15:38:05'),(1632,89,926,'alpa','','2026-01-13 15:38:05'),(1633,89,932,'alpa','','2026-01-13 15:38:05'),(1634,89,935,'alpa','','2026-01-13 15:38:05'),(1635,89,986,'hadir','','2026-01-13 15:38:05'),(1636,89,988,'alpa','','2026-01-13 15:38:05'),(1637,89,1011,'alpa','','2026-01-13 15:38:05'),(1638,90,810,'alpa','','2026-01-13 17:24:41'),(1639,90,818,'alpa','','2026-01-13 17:24:41'),(1640,90,824,'alpa','','2026-01-13 17:24:41'),(1641,90,831,'hadir','','2026-01-13 17:24:41'),(1642,90,840,'alpa','','2026-01-13 17:24:41'),(1643,90,845,'alpa','','2026-01-13 17:24:41'),(1644,90,854,'alpa','','2026-01-13 17:24:41'),(1645,90,862,'alpa','','2026-01-13 17:24:41'),(1646,90,865,'hadir','','2026-01-13 17:24:41'),(1647,90,880,'hadir','','2026-01-13 17:24:41'),(1648,90,886,'alpa','','2026-01-13 17:24:41'),(1649,90,908,'hadir','','2026-01-13 17:24:41'),(1650,90,946,'hadir','','2026-01-13 17:24:41'),(1651,90,958,'hadir','','2026-01-13 17:24:41'),(1652,90,969,'alpa','','2026-01-13 17:24:41'),(1653,90,970,'alpa','','2026-01-13 17:24:41'),(1654,90,979,'hadir','','2026-01-13 17:24:41'),(1655,90,982,'hadir','','2026-01-13 17:24:41'),(1656,90,987,'alpa','','2026-01-13 17:24:41'),(1657,90,991,'sakit','','2026-01-13 17:24:41'),(1677,92,815,'alpa','','2026-01-14 07:37:56'),(1678,92,816,'hadir','','2026-01-14 07:37:56'),(1679,92,820,'hadir','','2026-01-14 07:37:56'),(1680,92,828,'alpa','','2026-01-14 07:37:56'),(1681,92,829,'alpa','','2026-01-14 07:37:56'),(1682,92,852,'hadir','','2026-01-14 07:37:56'),(1683,92,867,'alpa','','2026-01-14 07:37:56'),(1684,92,868,'alpa','','2026-01-14 07:37:56'),(1685,92,871,'alpa','','2026-01-14 07:37:56'),(1686,92,879,'hadir','','2026-01-14 07:37:56'),(1687,92,882,'hadir','','2026-01-14 07:37:56'),(1688,92,899,'hadir','','2026-01-14 07:37:56'),(1689,92,901,'hadir','','2026-01-14 07:37:56'),(1690,92,911,'alpa','','2026-01-14 07:37:56'),(1691,92,931,'hadir','','2026-01-14 07:37:56'),(1692,92,934,'hadir','','2026-01-14 07:37:56'),(1693,92,941,'hadir','','2026-01-14 07:37:56'),(1694,92,954,'hadir','','2026-01-14 07:37:56'),(1695,92,978,'alpa','','2026-01-14 07:37:56'),(1696,92,980,'hadir','','2026-01-14 07:37:56'),(1697,92,1003,'alpa','','2026-01-14 07:37:56'),(1698,93,821,'alpa','','2026-01-14 08:23:26'),(1699,93,833,'alpa','','2026-01-14 08:23:26'),(1700,93,834,'alpa','','2026-01-14 08:23:26'),(1701,93,841,'alpa','','2026-01-14 08:23:26'),(1702,93,843,'alpa','','2026-01-14 08:23:26'),(1703,93,844,'alpa','','2026-01-14 08:23:26'),(1704,93,860,'alpa','','2026-01-14 08:23:26'),(1705,93,877,'alpa','','2026-01-14 08:23:26'),(1706,93,891,'hadir','','2026-01-14 08:23:26'),(1707,93,892,'alpa','','2026-01-14 08:23:26'),(1708,93,921,'alpa','','2026-01-14 08:23:26'),(1709,93,924,'alpa','','2026-01-14 08:23:26'),(1710,93,929,'hadir','','2026-01-14 08:23:26'),(1711,93,939,'alpa','','2026-01-14 08:23:26'),(1712,93,960,'hadir','','2026-01-14 08:23:26'),(1713,93,963,'alpa','','2026-01-14 08:23:26'),(1714,93,1002,'hadir','','2026-01-14 08:23:26'),(1715,93,1005,'hadir','','2026-01-14 08:23:26'),(1716,94,814,'alpa','','2026-01-14 08:28:00'),(1717,94,817,'alpa','','2026-01-14 08:28:00'),(1718,94,822,'alpa','','2026-01-14 08:28:00'),(1719,94,847,'alpa','','2026-01-14 08:28:00'),(1720,94,876,'hadir','','2026-01-14 08:28:00'),(1721,94,878,'alpa','','2026-01-14 08:28:00'),(1722,94,885,'alpa','','2026-01-14 08:28:00'),(1723,94,893,'alpa','','2026-01-14 08:28:00'),(1724,94,918,'alpa','','2026-01-14 08:28:00'),(1725,94,920,'alpa','','2026-01-14 08:28:00'),(1726,94,926,'alpa','','2026-01-14 08:28:00'),(1727,94,932,'alpa','','2026-01-14 08:28:00'),(1728,94,935,'alpa','','2026-01-14 08:28:00'),(1729,94,986,'hadir','','2026-01-14 08:28:00'),(1730,94,988,'alpa','','2026-01-14 08:28:00'),(1731,94,1011,'alpa','','2026-01-14 08:28:00'),(1768,97,821,'alpa','','2026-01-14 08:40:05'),(1769,97,833,'alpa','','2026-01-14 08:40:05'),(1770,97,834,'alpa','','2026-01-14 08:40:05'),(1771,97,841,'alpa','','2026-01-14 08:40:05'),(1772,97,843,'alpa','','2026-01-14 08:40:05'),(1773,97,844,'alpa','','2026-01-14 08:40:05'),(1774,97,860,'alpa','','2026-01-14 08:40:05'),(1775,97,877,'alpa','','2026-01-14 08:40:05'),(1776,97,891,'hadir','','2026-01-14 08:40:05'),(1777,97,892,'alpa','','2026-01-14 08:40:05'),(1778,97,921,'alpa','','2026-01-14 08:40:05'),(1779,97,924,'alpa','','2026-01-14 08:40:05'),(1780,97,929,'hadir','','2026-01-14 08:40:05'),(1781,97,939,'alpa','','2026-01-14 08:40:05'),(1782,97,960,'hadir','','2026-01-14 08:40:05'),(1783,97,963,'alpa','','2026-01-14 08:40:05'),(1784,97,1002,'hadir','','2026-01-14 08:40:05'),(1785,97,1005,'hadir','','2026-01-14 08:40:05'),(1786,98,814,'alpa','','2026-01-14 08:42:45'),(1787,98,817,'alpa','','2026-01-14 08:42:45'),(1788,98,822,'alpa','','2026-01-14 08:42:45'),(1789,98,847,'alpa','','2026-01-14 08:42:45'),(1790,98,876,'hadir','','2026-01-14 08:42:45'),(1791,98,878,'alpa','','2026-01-14 08:42:45'),(1792,98,885,'alpa','','2026-01-14 08:42:45'),(1793,98,893,'alpa','','2026-01-14 08:42:45'),(1794,98,918,'alpa','','2026-01-14 08:42:45'),(1795,98,920,'alpa','','2026-01-14 08:42:45'),(1796,98,926,'alpa','','2026-01-14 08:42:45'),(1797,98,932,'alpa','','2026-01-14 08:42:45'),(1798,98,935,'alpa','','2026-01-14 08:42:45'),(1799,98,986,'hadir','','2026-01-14 08:42:45'),(1800,98,988,'hadir','','2026-01-14 08:42:45'),(1801,98,1011,'alpa','','2026-01-14 08:42:45'),(1820,100,823,'hadir','','2026-01-14 10:46:03'),(1821,100,830,'alpa','','2026-01-14 10:46:03'),(1822,100,856,'alpa','','2026-01-14 10:46:03'),(1823,100,895,'alpa','','2026-01-14 10:46:03'),(1824,100,909,'alpa','','2026-01-14 10:46:03'),(1825,100,916,'alpa','','2026-01-14 10:46:03'),(1826,100,923,'alpa','','2026-01-14 10:46:03'),(1827,100,933,'alpa','','2026-01-14 10:46:03'),(1828,100,953,'hadir','','2026-01-14 10:46:03'),(1829,100,956,'izin','','2026-01-14 10:46:03'),(1830,100,975,'alpa','','2026-01-14 10:46:03'),(1831,100,997,'alpa','','2026-01-14 10:46:03'),(1832,101,819,'alpa','','2026-01-14 11:05:51'),(1833,101,825,'hadir','','2026-01-14 11:05:51'),(1834,101,826,'hadir','','2026-01-14 11:05:51'),(1835,101,827,'alpa','','2026-01-14 11:05:51'),(1836,101,832,'alpa','','2026-01-14 11:05:51'),(1837,101,861,'hadir','','2026-01-14 11:05:51'),(1838,101,866,'hadir','','2026-01-14 11:05:51'),(1839,101,907,'hadir','','2026-01-14 11:05:51'),(1840,101,912,'hadir','','2026-01-14 11:05:51'),(1841,101,944,'hadir','','2026-01-14 11:05:51'),(1842,101,957,'hadir','','2026-01-14 11:05:51'),(1843,101,961,'hadir','','2026-01-14 11:05:51'),(1844,101,962,'alpa','','2026-01-14 11:05:51'),(1845,101,964,'hadir','','2026-01-14 11:05:51'),(1846,101,968,'hadir','','2026-01-14 11:05:51'),(1847,101,971,'hadir','','2026-01-14 11:05:51'),(1848,101,974,'hadir','','2026-01-14 11:05:51'),(1849,101,992,'hadir','','2026-01-14 11:05:51'),(1850,101,998,'hadir','','2026-01-14 11:05:51'),(1851,101,1009,'alpa','','2026-01-14 11:05:51'),(1852,102,814,'alpa','','2026-01-14 11:14:16'),(1853,102,817,'alpa','','2026-01-14 11:14:16'),(1854,102,822,'hadir','','2026-01-14 11:14:16'),(1855,102,847,'alpa','','2026-01-14 11:14:16'),(1856,102,876,'hadir','','2026-01-14 11:14:16'),(1857,102,878,'alpa','','2026-01-14 11:14:16'),(1858,102,885,'hadir','','2026-01-14 11:14:16'),(1859,102,893,'alpa','','2026-01-14 11:14:16'),(1860,102,918,'alpa','','2026-01-14 11:14:16'),(1861,102,920,'alpa','','2026-01-14 11:14:16'),(1862,102,926,'alpa','','2026-01-14 11:14:16'),(1863,102,932,'alpa','','2026-01-14 11:14:16'),(1864,102,935,'alpa','','2026-01-14 11:14:16'),(1865,102,986,'hadir','','2026-01-14 11:14:16'),(1866,102,988,'alpa','','2026-01-14 11:14:16'),(1867,102,1011,'alpa','','2026-01-14 11:14:16'),(1868,103,811,'alpa','','2026-01-14 11:17:36'),(1869,103,839,'alpa','','2026-01-14 11:17:36'),(1870,103,842,'izin','','2026-01-14 11:17:36'),(1871,103,872,'alpa','','2026-01-14 11:17:36'),(1872,103,890,'alpa','','2026-01-14 11:17:36'),(1873,103,898,'hadir','','2026-01-14 11:17:36'),(1874,103,900,'hadir','','2026-01-14 11:17:36'),(1875,103,910,'alpa','','2026-01-14 11:17:36'),(1876,103,930,'hadir','','2026-01-14 11:17:36'),(1877,103,949,'hadir','','2026-01-14 11:17:36'),(1878,103,984,'alpa','','2026-01-14 11:17:36'),(1879,103,990,'hadir','','2026-01-14 11:17:36'),(1880,103,995,'hadir','','2026-01-14 11:17:36'),(1881,103,1000,'hadir','','2026-01-14 11:17:36'),(1882,103,1008,'hadir','','2026-01-14 11:17:36'),(1883,104,819,'alpa','','2026-01-14 11:23:43'),(1884,104,825,'hadir','','2026-01-14 11:23:43'),(1885,104,826,'hadir','','2026-01-14 11:23:43'),(1886,104,827,'alpa','','2026-01-14 11:23:43'),(1887,104,832,'alpa','','2026-01-14 11:23:43'),(1888,104,861,'hadir','','2026-01-14 11:23:43'),(1889,104,866,'hadir','','2026-01-14 11:23:43'),(1890,104,907,'hadir','','2026-01-14 11:23:43'),(1891,104,912,'izin','','2026-01-14 11:23:43'),(1892,104,944,'hadir','','2026-01-14 11:23:43'),(1893,104,957,'hadir','','2026-01-14 11:23:43'),(1894,104,961,'hadir','','2026-01-14 11:23:43'),(1895,104,962,'alpa','','2026-01-14 11:23:43'),(1896,104,964,'hadir','','2026-01-14 11:23:43'),(1897,104,968,'hadir','','2026-01-14 11:23:43'),(1898,104,971,'alpa','','2026-01-14 11:23:43'),(1899,104,974,'hadir','','2026-01-14 11:23:43'),(1900,104,992,'alpa','','2026-01-14 11:23:43'),(1901,104,998,'hadir','','2026-01-14 11:23:43'),(1902,104,1009,'alpa','','2026-01-14 11:23:43'),(1903,105,810,'alpa','','2026-01-14 11:26:40'),(1904,105,818,'alpa','','2026-01-14 11:26:40'),(1905,105,824,'alpa','','2026-01-14 11:26:40'),(1906,105,831,'izin','','2026-01-14 11:26:40'),(1907,105,840,'alpa','','2026-01-14 11:26:40'),(1908,105,845,'alpa','','2026-01-14 11:26:40'),(1909,105,854,'alpa','','2026-01-14 11:26:40'),(1910,105,862,'alpa','','2026-01-14 11:26:40'),(1911,105,865,'hadir','','2026-01-14 11:26:40'),(1912,105,880,'hadir','','2026-01-14 11:26:40'),(1913,105,886,'alpa','','2026-01-14 11:26:40'),(1914,105,908,'hadir','','2026-01-14 11:26:40'),(1915,105,946,'hadir','','2026-01-14 11:26:40'),(1916,105,958,'hadir','','2026-01-14 11:26:40'),(1917,105,969,'alpa','','2026-01-14 11:26:40'),(1918,105,970,'alpa','','2026-01-14 11:26:40'),(1919,105,979,'hadir','','2026-01-14 11:26:40'),(1920,105,982,'hadir','','2026-01-14 11:26:40'),(1921,105,987,'alpa','','2026-01-14 11:26:40'),(1922,105,991,'sakit','','2026-01-14 11:26:40'),(1923,106,819,'alpa','','2026-01-14 11:29:44'),(1924,106,825,'hadir','','2026-01-14 11:29:44'),(1925,106,826,'hadir','','2026-01-14 11:29:44'),(1926,106,827,'alpa','','2026-01-14 11:29:44'),(1927,106,832,'alpa','','2026-01-14 11:29:44'),(1928,106,861,'hadir','','2026-01-14 11:29:44'),(1929,106,866,'hadir','','2026-01-14 11:29:44'),(1930,106,907,'hadir','','2026-01-14 11:29:44'),(1931,106,912,'hadir','','2026-01-14 11:29:44'),(1932,106,944,'hadir','','2026-01-14 11:29:44'),(1933,106,957,'hadir','','2026-01-14 11:29:44'),(1934,106,961,'hadir','','2026-01-14 11:29:44'),(1935,106,962,'alpa','','2026-01-14 11:29:44'),(1936,106,964,'hadir','','2026-01-14 11:29:44'),(1937,106,968,'hadir','','2026-01-14 11:29:44'),(1938,106,971,'alpa','','2026-01-14 11:29:44'),(1939,106,974,'hadir','','2026-01-14 11:29:44'),(1940,106,992,'alpa','','2026-01-14 11:29:44'),(1941,106,998,'hadir','','2026-01-14 11:29:44'),(1942,106,1009,'alpa','','2026-01-14 11:29:44'),(1943,107,810,'alpa','','2026-01-14 11:30:00'),(1944,107,818,'alpa','','2026-01-14 11:30:00'),(1945,107,824,'alpa','','2026-01-14 11:30:00'),(1946,107,831,'hadir','','2026-01-14 11:30:00'),(1947,107,840,'alpa','','2026-01-14 11:30:00'),(1948,107,845,'sakit','','2026-01-14 11:30:00'),(1949,107,854,'alpa','','2026-01-14 11:30:00'),(1950,107,862,'alpa','','2026-01-14 11:30:00'),(1951,107,865,'hadir','','2026-01-14 11:30:00'),(1952,107,880,'hadir','','2026-01-14 11:30:00'),(1953,107,886,'alpa','','2026-01-14 11:30:00'),(1954,107,908,'hadir','','2026-01-14 11:30:00'),(1955,107,946,'hadir','','2026-01-14 11:30:00'),(1956,107,958,'hadir','','2026-01-14 11:30:00'),(1957,107,969,'alpa','','2026-01-14 11:30:00'),(1958,107,970,'alpa','','2026-01-14 11:30:00'),(1959,107,979,'hadir','','2026-01-14 11:30:00'),(1960,107,982,'hadir','','2026-01-14 11:30:00'),(1961,107,987,'alpa','','2026-01-14 11:30:00'),(1962,107,991,'hadir','','2026-01-14 11:30:00'),(1963,108,819,'alpa','','2026-01-14 11:30:50'),(1964,108,825,'hadir','','2026-01-14 11:30:50'),(1965,108,826,'hadir','','2026-01-14 11:30:50'),(1966,108,827,'alpa','','2026-01-14 11:30:50'),(1967,108,832,'alpa','','2026-01-14 11:30:50'),(1968,108,861,'hadir','','2026-01-14 11:30:50'),(1969,108,866,'hadir','','2026-01-14 11:30:50'),(1970,108,907,'hadir','','2026-01-14 11:30:50'),(1971,108,912,'hadir','','2026-01-14 11:30:50'),(1972,108,944,'hadir','','2026-01-14 11:30:50'),(1973,108,957,'hadir','','2026-01-14 11:30:50'),(1974,108,961,'hadir','','2026-01-14 11:30:50'),(1975,108,962,'hadir','','2026-01-14 11:30:50'),(1976,108,964,'hadir','','2026-01-14 11:30:50'),(1977,108,968,'hadir','','2026-01-14 11:30:50'),(1978,108,971,'hadir','','2026-01-14 11:30:50'),(1979,108,974,'hadir','','2026-01-14 11:30:50'),(1980,108,992,'alpa','','2026-01-14 11:30:50'),(1981,108,998,'hadir','','2026-01-14 11:30:50'),(1982,108,1009,'alpa','','2026-01-14 11:30:50'),(1983,109,814,'alpa','','2026-01-14 11:31:51'),(1984,109,817,'alpa','','2026-01-14 11:31:51'),(1985,109,822,'hadir','','2026-01-14 11:31:51'),(1986,109,847,'alpa','','2026-01-14 11:31:51'),(1987,109,876,'hadir','','2026-01-14 11:31:51'),(1988,109,878,'alpa','','2026-01-14 11:31:51'),(1989,109,885,'hadir','','2026-01-14 11:31:51'),(1990,109,893,'alpa','','2026-01-14 11:31:51'),(1991,109,918,'hadir','','2026-01-14 11:31:51'),(1992,109,920,'alpa','','2026-01-14 11:31:51'),(1993,109,926,'hadir','','2026-01-14 11:31:51'),(1994,109,932,'alpa','','2026-01-14 11:31:51'),(1995,109,935,'alpa','','2026-01-14 11:31:51'),(1996,109,986,'hadir','','2026-01-14 11:31:51'),(1997,109,988,'alpa','','2026-01-14 11:31:51'),(1998,109,1011,'alpa','','2026-01-14 11:31:51'),(1999,110,814,'alpa','','2026-01-14 11:34:38'),(2000,110,817,'alpa','','2026-01-14 11:34:38'),(2001,110,822,'hadir','','2026-01-14 11:34:38'),(2002,110,847,'alpa','','2026-01-14 11:34:38'),(2003,110,876,'hadir','','2026-01-14 11:34:38'),(2004,110,878,'alpa','','2026-01-14 11:34:38'),(2005,110,885,'hadir','','2026-01-14 11:34:38'),(2006,110,893,'alpa','','2026-01-14 11:34:38'),(2007,110,918,'hadir','','2026-01-14 11:34:38'),(2008,110,920,'hadir','','2026-01-14 11:34:38'),(2009,110,926,'hadir','','2026-01-14 11:34:38'),(2010,110,932,'hadir','','2026-01-14 11:34:38'),(2011,110,935,'alpa','','2026-01-14 11:34:38'),(2012,110,986,'hadir','','2026-01-14 11:34:38'),(2013,110,988,'alpa','','2026-01-14 11:34:38'),(2014,110,1011,'alpa','','2026-01-14 11:34:38'),(2015,111,814,'alpa','','2026-01-14 11:36:00'),(2016,111,817,'alpa','','2026-01-14 11:36:00'),(2017,111,822,'hadir','','2026-01-14 11:36:00'),(2018,111,847,'alpa','','2026-01-14 11:36:00'),(2019,111,876,'hadir','','2026-01-14 11:36:00'),(2020,111,878,'alpa','','2026-01-14 11:36:00'),(2021,111,885,'hadir','','2026-01-14 11:36:00'),(2022,111,893,'alpa','','2026-01-14 11:36:00'),(2023,111,918,'hadir','','2026-01-14 11:36:00'),(2024,111,920,'alpa','','2026-01-14 11:36:00'),(2025,111,926,'hadir','','2026-01-14 11:36:00'),(2026,111,932,'alpa','','2026-01-14 11:36:00'),(2027,111,935,'alpa','','2026-01-14 11:36:00'),(2028,111,986,'hadir','','2026-01-14 11:36:00'),(2029,111,988,'alpa','','2026-01-14 11:36:00'),(2030,111,1011,'alpa','','2026-01-14 11:36:00'),(2031,112,835,'alpa','','2026-01-14 11:38:13'),(2032,112,837,'alpa','','2026-01-14 11:38:13'),(2033,112,838,'hadir','','2026-01-14 11:38:13'),(2034,112,850,'alpa','','2026-01-14 11:38:13'),(2035,112,853,'hadir','','2026-01-14 11:38:13'),(2036,112,873,'alpa','','2026-01-14 11:38:13'),(2037,112,874,'hadir','','2026-01-14 11:38:13'),(2038,112,875,'alpa','','2026-01-14 11:38:13'),(2039,112,881,'hadir','','2026-01-14 11:38:13'),(2040,112,888,'hadir','','2026-01-14 11:38:13'),(2041,112,889,'hadir','','2026-01-14 11:38:13'),(2042,112,904,'hadir','','2026-01-14 11:38:13'),(2043,112,914,'hadir','','2026-01-14 11:38:13'),(2044,112,915,'hadir','','2026-01-14 11:38:13'),(2045,112,950,'hadir','','2026-01-14 11:38:13'),(2046,112,959,'hadir','','2026-01-14 11:38:13'),(2047,112,965,'hadir','','2026-01-14 11:38:13'),(2048,112,993,'alpa','','2026-01-14 11:38:13'),(2049,112,1012,'hadir','','2026-01-14 11:38:13'),(2050,113,811,'alpa','','2026-01-14 11:39:25'),(2051,113,839,'hadir','','2026-01-14 11:39:25'),(2052,113,842,'alpa','','2026-01-14 11:39:25'),(2053,113,872,'alpa','','2026-01-14 11:39:25'),(2054,113,890,'alpa','','2026-01-14 11:39:25'),(2055,113,898,'hadir','','2026-01-14 11:39:25'),(2056,113,900,'hadir','','2026-01-14 11:39:25'),(2057,113,910,'alpa','','2026-01-14 11:39:25'),(2058,113,930,'hadir','','2026-01-14 11:39:25'),(2059,113,949,'hadir','','2026-01-14 11:39:25'),(2060,113,984,'alpa','','2026-01-14 11:39:25'),(2061,113,990,'hadir','','2026-01-14 11:39:25'),(2062,113,995,'hadir','','2026-01-14 11:39:25'),(2063,113,1000,'hadir','','2026-01-14 11:39:25'),(2064,113,1008,'hadir','','2026-01-14 11:39:25'),(2065,114,823,'alpa','','2026-01-14 11:40:22'),(2066,114,830,'alpa','','2026-01-14 11:40:22'),(2067,114,856,'alpa','','2026-01-14 11:40:22'),(2068,114,895,'alpa','','2026-01-14 11:40:22'),(2069,114,909,'alpa','','2026-01-14 11:40:22'),(2070,114,916,'hadir','','2026-01-14 11:40:22'),(2071,114,923,'alpa','','2026-01-14 11:40:22'),(2072,114,933,'hadir','','2026-01-14 11:40:22'),(2073,114,953,'hadir','','2026-01-14 11:40:22'),(2074,114,956,'hadir','','2026-01-14 11:40:22'),(2075,114,975,'alpa','','2026-01-14 11:40:22'),(2076,114,997,'alpa','','2026-01-14 11:40:22'),(2077,115,848,'alpa','','2026-01-14 11:42:26'),(2078,115,857,'alpa','','2026-01-14 11:42:26'),(2079,115,870,'alpa','','2026-01-14 11:42:26'),(2080,115,905,'alpa','','2026-01-14 11:42:26'),(2081,115,906,'alpa','','2026-01-14 11:42:26'),(2082,115,917,'alpa','','2026-01-14 11:42:26'),(2083,115,919,'alpa','','2026-01-14 11:42:26'),(2084,115,922,'alpa','','2026-01-14 11:42:26'),(2085,115,925,'alpa','','2026-01-14 11:42:26'),(2086,115,937,'alpa','','2026-01-14 11:42:26'),(2087,115,938,'alpa','','2026-01-14 11:42:26'),(2088,115,942,'alpa','','2026-01-14 11:42:26'),(2089,115,947,'hadir','','2026-01-14 11:42:26'),(2090,115,948,'alpa','','2026-01-14 11:42:26'),(2091,115,973,'alpa','','2026-01-14 11:42:26'),(2092,115,976,'alpa','','2026-01-14 11:42:26'),(2093,115,981,'alpa','','2026-01-14 11:42:26'),(2094,115,996,'alpa','','2026-01-14 11:42:26'),(2095,115,1006,'alpa','','2026-01-14 11:42:26'),(2096,115,1007,'hadir','','2026-01-14 11:42:26'),(2097,116,848,'alpa','','2026-01-14 11:44:59'),(2098,116,857,'hadir','','2026-01-14 11:44:59'),(2099,116,870,'alpa','','2026-01-14 11:44:59'),(2100,116,905,'alpa','','2026-01-14 11:44:59'),(2101,116,906,'alpa','','2026-01-14 11:44:59'),(2102,116,917,'alpa','','2026-01-14 11:44:59'),(2103,116,919,'hadir','','2026-01-14 11:44:59'),(2104,116,922,'alpa','','2026-01-14 11:44:59'),(2105,116,925,'alpa','','2026-01-14 11:44:59'),(2106,116,937,'alpa','','2026-01-14 11:44:59'),(2107,116,938,'alpa','','2026-01-14 11:44:59'),(2108,116,942,'alpa','','2026-01-14 11:44:59'),(2109,116,947,'hadir','','2026-01-14 11:44:59'),(2110,116,948,'alpa','','2026-01-14 11:44:59'),(2111,116,973,'alpa','','2026-01-14 11:44:59'),(2112,116,976,'alpa','','2026-01-14 11:44:59'),(2113,116,981,'alpa','','2026-01-14 11:44:59'),(2114,116,996,'alpa','','2026-01-14 11:44:59'),(2115,116,1006,'alpa','','2026-01-14 11:44:59'),(2116,116,1007,'hadir','','2026-01-14 11:44:59'),(2117,117,848,'alpa','','2026-01-14 11:46:11'),(2118,117,857,'hadir','','2026-01-14 11:46:11'),(2119,117,870,'alpa','','2026-01-14 11:46:11'),(2120,117,905,'alpa','','2026-01-14 11:46:11'),(2121,117,906,'alpa','','2026-01-14 11:46:11'),(2122,117,917,'alpa','','2026-01-14 11:46:11'),(2123,117,919,'hadir','','2026-01-14 11:46:11'),(2124,117,922,'alpa','','2026-01-14 11:46:11'),(2125,117,925,'hadir','','2026-01-14 11:46:11'),(2126,117,937,'alpa','','2026-01-14 11:46:11'),(2127,117,938,'alpa','','2026-01-14 11:46:11'),(2128,117,942,'hadir','','2026-01-14 11:46:11'),(2129,117,947,'hadir','','2026-01-14 11:46:11'),(2130,117,948,'alpa','','2026-01-14 11:46:11'),(2131,117,973,'alpa','','2026-01-14 11:46:11'),(2132,117,976,'hadir','','2026-01-14 11:46:11'),(2133,117,981,'alpa','','2026-01-14 11:46:11'),(2134,117,996,'alpa','','2026-01-14 11:46:11'),(2135,117,1006,'alpa','','2026-01-14 11:46:11'),(2136,117,1007,'hadir','','2026-01-14 11:46:11'),(2137,118,823,'hadir','','2026-01-14 11:50:44'),(2138,118,830,'hadir','','2026-01-14 11:50:44'),(2139,118,856,'alpa','','2026-01-14 11:50:44'),(2140,118,895,'alpa','','2026-01-14 11:50:44'),(2141,118,909,'alpa','','2026-01-14 11:50:44'),(2142,118,916,'alpa','','2026-01-14 11:50:44'),(2143,118,923,'alpa','','2026-01-14 11:50:44'),(2144,118,933,'hadir','','2026-01-14 11:50:44'),(2145,118,953,'hadir','','2026-01-14 11:50:44'),(2146,118,956,'izin','','2026-01-14 11:50:44'),(2147,118,975,'hadir','','2026-01-14 11:50:44'),(2148,118,997,'alpa','','2026-01-14 11:50:44'),(2149,119,821,'alpa','','2026-01-14 11:52:31'),(2150,119,833,'alpa','','2026-01-14 11:52:31'),(2151,119,834,'alpa','','2026-01-14 11:52:31'),(2152,119,841,'alpa','','2026-01-14 11:52:31'),(2153,119,843,'alpa','','2026-01-14 11:52:31'),(2154,119,844,'hadir','','2026-01-14 11:52:31'),(2155,119,860,'alpa','','2026-01-14 11:52:31'),(2156,119,877,'alpa','','2026-01-14 11:52:31'),(2157,119,891,'hadir','','2026-01-14 11:52:31'),(2158,119,892,'alpa','','2026-01-14 11:52:31'),(2159,119,921,'alpa','','2026-01-14 11:52:31'),(2160,119,924,'alpa','','2026-01-14 11:52:31'),(2161,119,929,'hadir','','2026-01-14 11:52:31'),(2162,119,939,'alpa','','2026-01-14 11:52:31'),(2163,119,960,'hadir','','2026-01-14 11:52:31'),(2164,119,963,'alpa','','2026-01-14 11:52:31'),(2165,119,1002,'hadir','','2026-01-14 11:52:31'),(2166,119,1005,'hadir','','2026-01-14 11:52:31'),(2167,120,809,'alpa','','2026-01-14 12:04:34'),(2168,120,813,'alpa','','2026-01-14 12:04:34'),(2169,120,836,'izin','','2026-01-14 12:04:34'),(2170,120,855,'hadir','','2026-01-14 12:04:34'),(2171,120,864,'hadir','','2026-01-14 12:04:34'),(2172,120,869,'hadir','','2026-01-14 12:04:34'),(2173,120,883,'hadir','','2026-01-14 12:04:34'),(2174,120,887,'alpa','','2026-01-14 12:04:34'),(2175,120,896,'hadir','','2026-01-14 12:04:34'),(2176,120,897,'alpa','','2026-01-14 12:04:34'),(2177,120,928,'hadir','','2026-01-14 12:04:34'),(2178,120,940,'alpa','','2026-01-14 12:04:34'),(2179,120,943,'hadir','','2026-01-14 12:04:34'),(2180,120,945,'alpa','','2026-01-14 12:04:34'),(2181,120,951,'hadir','','2026-01-14 12:04:34'),(2182,120,952,'alpa','','2026-01-14 12:04:34'),(2183,120,977,'hadir','','2026-01-14 12:04:34'),(2184,120,983,'alpa','','2026-01-14 12:04:34'),(2185,120,985,'alpa','','2026-01-14 12:04:34'),(2186,120,999,'hadir','','2026-01-14 12:04:34'),(2187,120,1001,'hadir','','2026-01-14 12:04:34'),(2188,120,1004,'alpa','','2026-01-14 12:04:34'),(2189,121,819,'alpa','','2026-01-14 12:22:48'),(2190,121,825,'hadir','','2026-01-14 12:22:48'),(2191,121,826,'hadir','','2026-01-14 12:22:48'),(2192,121,827,'alpa','','2026-01-14 12:22:48'),(2193,121,832,'alpa','','2026-01-14 12:22:48'),(2194,121,861,'hadir','','2026-01-14 12:22:48'),(2195,121,866,'hadir','','2026-01-14 12:22:48'),(2196,121,907,'hadir','','2026-01-14 12:22:48'),(2197,121,912,'hadir','','2026-01-14 12:22:48'),(2198,121,944,'hadir','','2026-01-14 12:22:48'),(2199,121,957,'hadir','','2026-01-14 12:22:48'),(2200,121,961,'hadir','','2026-01-14 12:22:48'),(2201,121,962,'alpa','','2026-01-14 12:22:48'),(2202,121,964,'izin','','2026-01-14 12:22:48'),(2203,121,968,'hadir','','2026-01-14 12:22:48'),(2204,121,971,'alpa','','2026-01-14 12:22:48'),(2205,121,974,'hadir','','2026-01-14 12:22:48'),(2206,121,992,'alpa','','2026-01-14 12:22:48'),(2207,121,998,'hadir','','2026-01-14 12:22:48'),(2208,121,1009,'alpa','','2026-01-14 12:22:48'),(2209,122,815,'hadir','','2026-01-14 12:25:52'),(2210,122,816,'hadir','','2026-01-14 12:25:52'),(2211,122,820,'hadir','','2026-01-14 12:25:52'),(2212,122,828,'alpa','','2026-01-14 12:25:52'),(2213,122,829,'hadir','','2026-01-14 12:25:52'),(2214,122,852,'hadir','','2026-01-14 12:25:52'),(2215,122,867,'alpa','','2026-01-14 12:25:52'),(2216,122,868,'alpa','','2026-01-14 12:25:52'),(2217,122,871,'hadir','','2026-01-14 12:25:52'),(2218,122,879,'izin','','2026-01-14 12:25:52'),(2219,122,882,'hadir','','2026-01-14 12:25:52'),(2220,122,899,'alpa','','2026-01-14 12:25:52'),(2221,122,901,'hadir','','2026-01-14 12:25:52'),(2222,122,911,'alpa','','2026-01-14 12:25:52'),(2223,122,931,'hadir','','2026-01-14 12:25:52'),(2224,122,934,'hadir','','2026-01-14 12:25:52'),(2225,122,941,'hadir','','2026-01-14 12:25:52'),(2226,122,954,'hadir','','2026-01-14 12:25:52'),(2227,122,978,'hadir','','2026-01-14 12:25:52'),(2228,122,980,'hadir','','2026-01-14 12:25:52'),(2229,122,1003,'alpa','','2026-01-14 12:25:52'),(2230,123,821,'alpa','','2026-01-14 12:30:22'),(2231,123,833,'alpa','','2026-01-14 12:30:22'),(2232,123,834,'alpa','','2026-01-14 12:30:22'),(2233,123,841,'alpa','','2026-01-14 12:30:22'),(2234,123,843,'alpa','','2026-01-14 12:30:22'),(2235,123,844,'alpa','','2026-01-14 12:30:22'),(2236,123,860,'alpa','','2026-01-14 12:30:22'),(2237,123,877,'alpa','','2026-01-14 12:30:22'),(2238,123,891,'hadir','','2026-01-14 12:30:22'),(2239,123,892,'alpa','','2026-01-14 12:30:22'),(2240,123,921,'alpa','','2026-01-14 12:30:22'),(2241,123,924,'alpa','','2026-01-14 12:30:22'),(2242,123,929,'hadir','','2026-01-14 12:30:22'),(2243,123,939,'alpa','','2026-01-14 12:30:22'),(2244,123,960,'hadir','','2026-01-14 12:30:22'),(2245,123,963,'alpa','','2026-01-14 12:30:22'),(2246,123,1002,'hadir','','2026-01-14 12:30:22'),(2247,123,1005,'hadir','','2026-01-14 12:30:22'),(2248,124,821,'alpa','','2026-01-14 12:33:38'),(2249,124,833,'alpa','','2026-01-14 12:33:38'),(2250,124,834,'alpa','','2026-01-14 12:33:38'),(2251,124,841,'alpa','','2026-01-14 12:33:38'),(2252,124,843,'alpa','','2026-01-14 12:33:38'),(2253,124,844,'alpa','','2026-01-14 12:33:38'),(2254,124,860,'alpa','','2026-01-14 12:33:38'),(2255,124,877,'alpa','','2026-01-14 12:33:38'),(2256,124,891,'alpa','','2026-01-14 12:33:38'),(2257,124,892,'alpa','','2026-01-14 12:33:38'),(2258,124,921,'alpa','','2026-01-14 12:33:38'),(2259,124,924,'alpa','','2026-01-14 12:33:38'),(2260,124,929,'hadir','','2026-01-14 12:33:38'),(2261,124,939,'alpa','','2026-01-14 12:33:38'),(2262,124,960,'sakit','','2026-01-14 12:33:38'),(2263,124,963,'alpa','','2026-01-14 12:33:38'),(2264,124,1002,'izin','','2026-01-14 12:33:38'),(2265,124,1005,'hadir','','2026-01-14 12:33:38'),(2266,125,812,'alpa','','2026-01-14 12:33:47'),(2267,125,846,'sakit','','2026-01-14 12:33:47'),(2268,125,849,'alpa','','2026-01-14 12:33:47'),(2269,125,851,'alpa','','2026-01-14 12:33:47'),(2270,125,858,'hadir','','2026-01-14 12:33:47'),(2271,125,859,'alpa','','2026-01-14 12:33:47'),(2272,125,863,'hadir','','2026-01-14 12:33:47'),(2273,125,884,'hadir','','2026-01-14 12:33:47'),(2274,125,894,'alpa','','2026-01-14 12:33:47'),(2275,125,902,'hadir','','2026-01-14 12:33:47'),(2276,125,903,'alpa','','2026-01-14 12:33:47'),(2277,125,913,'alpa','','2026-01-14 12:33:47'),(2278,125,927,'alpa','','2026-01-14 12:33:47'),(2279,125,936,'alpa','','2026-01-14 12:33:47'),(2280,125,955,'alpa','','2026-01-14 12:33:47'),(2281,125,966,'hadir','','2026-01-14 12:33:47'),(2282,125,967,'hadir','','2026-01-14 12:33:47'),(2283,125,972,'alpa','','2026-01-14 12:33:47'),(2284,125,989,'alpa','','2026-01-14 12:33:47'),(2285,125,994,'alpa','','2026-01-14 12:33:47'),(2286,125,1010,'alpa','','2026-01-14 12:33:47'),(2287,126,819,'alpa','','2026-01-14 12:34:33'),(2288,126,825,'hadir','','2026-01-14 12:34:33'),(2289,126,826,'hadir','','2026-01-14 12:34:33'),(2290,126,827,'alpa','','2026-01-14 12:34:33'),(2291,126,832,'alpa','','2026-01-14 12:34:33'),(2292,126,861,'hadir','','2026-01-14 12:34:33'),(2293,126,866,'hadir','','2026-01-14 12:34:33'),(2294,126,907,'hadir','','2026-01-14 12:34:33'),(2295,126,912,'hadir','','2026-01-14 12:34:33'),(2296,126,944,'hadir','','2026-01-14 12:34:33'),(2297,126,957,'hadir','','2026-01-14 12:34:33'),(2298,126,961,'hadir','','2026-01-14 12:34:33'),(2299,126,962,'alpa','','2026-01-14 12:34:33'),(2300,126,964,'izin','','2026-01-14 12:34:33'),(2301,126,968,'hadir','','2026-01-14 12:34:33'),(2302,126,971,'hadir','','2026-01-14 12:34:33'),(2303,126,974,'hadir','','2026-01-14 12:34:33'),(2304,126,992,'alpa','','2026-01-14 12:34:33'),(2305,126,998,'hadir','','2026-01-14 12:34:33'),(2306,126,1009,'alpa','','2026-01-14 12:34:33'),(2307,127,821,'alpa','','2026-01-14 12:37:08'),(2308,127,833,'alpa','','2026-01-14 12:37:08'),(2309,127,834,'alpa','','2026-01-14 12:37:08'),(2310,127,841,'alpa','','2026-01-14 12:37:08'),(2311,127,843,'alpa','','2026-01-14 12:37:08'),(2312,127,844,'hadir','','2026-01-14 12:37:08'),(2313,127,860,'alpa','','2026-01-14 12:37:08'),(2314,127,877,'alpa','','2026-01-14 12:37:08'),(2315,127,891,'hadir','','2026-01-14 12:37:08'),(2316,127,892,'alpa','','2026-01-14 12:37:08'),(2317,127,921,'alpa','','2026-01-14 12:37:08'),(2318,127,924,'alpa','','2026-01-14 12:37:08'),(2319,127,929,'hadir','','2026-01-14 12:37:08'),(2320,127,939,'alpa','','2026-01-14 12:37:08'),(2321,127,960,'hadir','','2026-01-14 12:37:08'),(2322,127,963,'alpa','','2026-01-14 12:37:08'),(2323,127,1002,'hadir','','2026-01-14 12:37:08'),(2324,127,1005,'hadir','','2026-01-14 12:37:08'),(2325,128,812,'alpa','','2026-01-14 12:38:38'),(2326,128,846,'izin','','2026-01-14 12:38:38'),(2327,128,849,'alpa','','2026-01-14 12:38:38'),(2328,128,851,'alpa','','2026-01-14 12:38:38'),(2329,128,858,'hadir','','2026-01-14 12:38:38'),(2330,128,859,'hadir','','2026-01-14 12:38:38'),(2331,128,863,'hadir','','2026-01-14 12:38:38'),(2332,128,884,'hadir','','2026-01-14 12:38:38'),(2333,128,894,'alpa','','2026-01-14 12:38:38'),(2334,128,902,'hadir','','2026-01-14 12:38:38'),(2335,128,903,'alpa','','2026-01-14 12:38:38'),(2336,128,913,'alpa','','2026-01-14 12:38:38'),(2337,128,927,'alpa','','2026-01-14 12:38:38'),(2338,128,936,'sakit','','2026-01-14 12:38:38'),(2339,128,955,'hadir','','2026-01-14 12:38:38'),(2340,128,966,'hadir','','2026-01-14 12:38:38'),(2341,128,967,'hadir','','2026-01-14 12:38:38'),(2342,128,972,'alpa','','2026-01-14 12:38:38'),(2343,128,989,'hadir','','2026-01-14 12:38:38'),(2344,128,994,'alpa','','2026-01-14 12:38:38'),(2345,128,1010,'hadir','','2026-01-14 12:38:38'),(2346,129,848,'alpa','','2026-01-14 12:39:56'),(2347,129,857,'alpa','','2026-01-14 12:39:56'),(2348,129,870,'alpa','','2026-01-14 12:39:56'),(2349,129,905,'alpa','','2026-01-14 12:39:56'),(2350,129,906,'alpa','','2026-01-14 12:39:56'),(2351,129,917,'alpa','','2026-01-14 12:39:56'),(2352,129,919,'izin','','2026-01-14 12:39:56'),(2353,129,922,'alpa','','2026-01-14 12:39:56'),(2354,129,925,'alpa','','2026-01-14 12:39:56'),(2355,129,937,'alpa','','2026-01-14 12:39:56'),(2356,129,938,'alpa','','2026-01-14 12:39:56'),(2357,129,942,'hadir','','2026-01-14 12:39:56'),(2358,129,947,'hadir','','2026-01-14 12:39:56'),(2359,129,948,'alpa','','2026-01-14 12:39:56'),(2360,129,973,'alpa','','2026-01-14 12:39:56'),(2361,129,976,'alpa','','2026-01-14 12:39:56'),(2362,129,981,'alpa','','2026-01-14 12:39:56'),(2363,129,996,'alpa','','2026-01-14 12:39:56'),(2364,129,1006,'alpa','','2026-01-14 12:39:56'),(2365,129,1007,'hadir','','2026-01-14 12:39:56'),(2366,130,814,'alpa','','2026-01-14 12:40:45'),(2367,130,817,'alpa','','2026-01-14 12:40:45'),(2368,130,822,'hadir','','2026-01-14 12:40:45'),(2369,130,847,'alpa','','2026-01-14 12:40:45'),(2370,130,876,'hadir','','2026-01-14 12:40:45'),(2371,130,878,'alpa','','2026-01-14 12:40:45'),(2372,130,885,'hadir','','2026-01-14 12:40:45'),(2373,130,893,'alpa','','2026-01-14 12:40:45'),(2374,130,918,'hadir','','2026-01-14 12:40:45'),(2375,130,920,'hadir','','2026-01-14 12:40:45'),(2376,130,926,'hadir','','2026-01-14 12:40:45'),(2377,130,932,'alpa','','2026-01-14 12:40:45'),(2378,130,935,'alpa','','2026-01-14 12:40:45'),(2379,130,986,'hadir','','2026-01-14 12:40:45'),(2380,130,988,'alpa','','2026-01-14 12:40:45'),(2381,130,1011,'alpa','','2026-01-14 12:40:45'),(2382,131,815,'hadir','','2026-01-14 12:44:53'),(2383,131,816,'hadir','','2026-01-14 12:44:53'),(2384,131,820,'izin','','2026-01-14 12:44:53'),(2385,131,828,'alpa','','2026-01-14 12:44:53'),(2386,131,829,'alpa','','2026-01-14 12:44:53'),(2387,131,852,'hadir','','2026-01-14 12:44:53'),(2388,131,867,'alpa','','2026-01-14 12:44:53'),(2389,131,868,'alpa','','2026-01-14 12:44:53'),(2390,131,871,'sakit','','2026-01-14 12:44:53'),(2391,131,879,'hadir','','2026-01-14 12:44:53'),(2392,131,882,'hadir','','2026-01-14 12:44:53'),(2393,131,899,'alpa','','2026-01-14 12:44:53'),(2394,131,901,'hadir','','2026-01-14 12:44:53'),(2395,131,911,'alpa','','2026-01-14 12:44:53'),(2396,131,931,'alpa','','2026-01-14 12:44:53'),(2397,131,934,'hadir','','2026-01-14 12:44:53'),(2398,131,941,'hadir','','2026-01-14 12:44:53'),(2399,131,954,'hadir','','2026-01-14 12:44:53'),(2400,131,978,'alpa','','2026-01-14 12:44:53'),(2401,131,980,'hadir','','2026-01-14 12:44:53'),(2402,131,1003,'alpa','','2026-01-14 12:44:53'),(2403,132,821,'alpa','','2026-01-14 12:46:33'),(2404,132,833,'alpa','','2026-01-14 12:46:33'),(2405,132,834,'alpa','','2026-01-14 12:46:33'),(2406,132,841,'alpa','','2026-01-14 12:46:33'),(2407,132,843,'alpa','','2026-01-14 12:46:33'),(2408,132,844,'alpa','','2026-01-14 12:46:33'),(2409,132,860,'alpa','','2026-01-14 12:46:33'),(2410,132,877,'alpa','','2026-01-14 12:46:33'),(2411,132,891,'hadir','','2026-01-14 12:46:33'),(2412,132,892,'alpa','','2026-01-14 12:46:33'),(2413,132,921,'alpa','','2026-01-14 12:46:33'),(2414,132,924,'alpa','','2026-01-14 12:46:33'),(2415,132,929,'hadir','','2026-01-14 12:46:33'),(2416,132,939,'alpa','','2026-01-14 12:46:33'),(2417,132,960,'hadir','','2026-01-14 12:46:33'),(2418,132,963,'alpa','','2026-01-14 12:46:33'),(2419,132,1002,'hadir','','2026-01-14 12:46:33'),(2420,132,1005,'hadir','','2026-01-14 12:46:33'),(2421,133,821,'alpa','','2026-01-14 12:49:19'),(2422,133,833,'alpa','','2026-01-14 12:49:19'),(2423,133,834,'alpa','','2026-01-14 12:49:19'),(2424,133,841,'alpa','','2026-01-14 12:49:19'),(2425,133,843,'alpa','','2026-01-14 12:49:19'),(2426,133,844,'alpa','','2026-01-14 12:49:19'),(2427,133,860,'alpa','','2026-01-14 12:49:19'),(2428,133,877,'alpa','','2026-01-14 12:49:19'),(2429,133,891,'alpa','','2026-01-14 12:49:19'),(2430,133,892,'alpa','','2026-01-14 12:49:19'),(2431,133,921,'alpa','','2026-01-14 12:49:19'),(2432,133,924,'alpa','','2026-01-14 12:49:19'),(2433,133,929,'hadir','','2026-01-14 12:49:19'),(2434,133,939,'alpa','','2026-01-14 12:49:19'),(2435,133,960,'hadir','','2026-01-14 12:49:19'),(2436,133,963,'alpa','','2026-01-14 12:49:19'),(2437,133,1002,'hadir','','2026-01-14 12:49:19'),(2438,133,1005,'hadir','','2026-01-14 12:49:19'),(2439,134,814,'alpa','','2026-01-14 13:03:21'),(2440,134,817,'alpa','','2026-01-14 13:03:21'),(2441,134,822,'hadir','','2026-01-14 13:03:21'),(2442,134,847,'alpa','','2026-01-14 13:03:21'),(2443,134,876,'izin','','2026-01-14 13:03:21'),(2444,134,878,'hadir','','2026-01-14 13:03:21'),(2445,134,885,'hadir','','2026-01-14 13:03:21'),(2446,134,893,'alpa','','2026-01-14 13:03:21'),(2447,134,918,'hadir','','2026-01-14 13:03:21'),(2448,134,920,'hadir','','2026-01-14 13:03:21'),(2449,134,926,'hadir','','2026-01-14 13:03:21'),(2450,134,932,'alpa','','2026-01-14 13:03:21'),(2451,134,935,'hadir','','2026-01-14 13:03:21'),(2452,134,986,'hadir','','2026-01-14 13:03:21'),(2453,134,988,'hadir','','2026-01-14 13:03:21'),(2454,134,1011,'alpa','','2026-01-14 13:03:21'),(2455,135,821,'alpa','','2026-01-14 13:08:53'),(2456,135,833,'alpa','','2026-01-14 13:08:53'),(2457,135,834,'alpa','','2026-01-14 13:08:53'),(2458,135,841,'alpa','','2026-01-14 13:08:53'),(2459,135,843,'alpa','','2026-01-14 13:08:53'),(2460,135,844,'alpa','','2026-01-14 13:08:53'),(2461,135,860,'alpa','','2026-01-14 13:08:53'),(2462,135,877,'alpa','','2026-01-14 13:08:53'),(2463,135,891,'hadir','','2026-01-14 13:08:53'),(2464,135,892,'alpa','','2026-01-14 13:08:53'),(2465,135,921,'alpa','','2026-01-14 13:08:53'),(2466,135,924,'alpa','','2026-01-14 13:08:53'),(2467,135,929,'hadir','','2026-01-14 13:08:53'),(2468,135,939,'alpa','','2026-01-14 13:08:53'),(2469,135,960,'hadir','','2026-01-14 13:08:53'),(2470,135,963,'alpa','','2026-01-14 13:08:53'),(2471,135,1002,'hadir','','2026-01-14 13:08:53'),(2472,135,1005,'hadir','','2026-01-14 13:08:53'),(2473,136,823,'hadir','','2026-01-14 13:11:40'),(2474,136,830,'alpa','','2026-01-14 13:11:40'),(2475,136,856,'alpa','','2026-01-14 13:11:40'),(2476,136,895,'alpa','','2026-01-14 13:11:40'),(2477,136,909,'alpa','','2026-01-14 13:11:40'),(2478,136,916,'hadir','','2026-01-14 13:11:40'),(2479,136,923,'alpa','','2026-01-14 13:11:40'),(2480,136,933,'hadir','','2026-01-14 13:11:40'),(2481,136,953,'hadir','','2026-01-14 13:11:40'),(2482,136,956,'hadir','','2026-01-14 13:11:40'),(2483,136,975,'hadir','','2026-01-14 13:11:40'),(2484,136,997,'alpa','','2026-01-14 13:11:40'),(2485,137,835,'alpa','','2026-01-14 13:42:12'),(2486,137,837,'alpa','','2026-01-14 13:42:12'),(2487,137,838,'hadir','','2026-01-14 13:42:12'),(2488,137,850,'alpa','','2026-01-14 13:42:12'),(2489,137,853,'hadir','','2026-01-14 13:42:12'),(2490,137,873,'alpa','','2026-01-14 13:42:12'),(2491,137,874,'hadir','','2026-01-14 13:42:12'),(2492,137,875,'alpa','','2026-01-14 13:42:12'),(2493,137,881,'hadir','','2026-01-14 13:42:12'),(2494,137,888,'hadir','','2026-01-14 13:42:12'),(2495,137,889,'hadir','','2026-01-14 13:42:12'),(2496,137,904,'hadir','','2026-01-14 13:42:12'),(2497,137,914,'hadir','','2026-01-14 13:42:12'),(2498,137,915,'hadir','','2026-01-14 13:42:12'),(2499,137,950,'hadir','','2026-01-14 13:42:12'),(2500,137,959,'hadir','','2026-01-14 13:42:12'),(2501,137,965,'alpa','','2026-01-14 13:42:12'),(2502,137,993,'alpa','','2026-01-14 13:42:12'),(2503,137,1012,'hadir','','2026-01-14 13:42:12'),(2504,138,811,'alpa','','2026-01-14 13:43:20'),(2505,138,839,'alpa','','2026-01-14 13:43:20'),(2506,138,842,'izin','','2026-01-14 13:43:20'),(2507,138,872,'alpa','','2026-01-14 13:43:20'),(2508,138,890,'alpa','','2026-01-14 13:43:20'),(2509,138,898,'alpa','','2026-01-14 13:43:20'),(2510,138,900,'hadir','','2026-01-14 13:43:20'),(2511,138,910,'alpa','','2026-01-14 13:43:20'),(2512,138,930,'hadir','','2026-01-14 13:43:20'),(2513,138,949,'hadir','','2026-01-14 13:43:20'),(2514,138,984,'alpa','','2026-01-14 13:43:20'),(2515,138,990,'hadir','','2026-01-14 13:43:20'),(2516,138,995,'hadir','','2026-01-14 13:43:20'),(2517,138,1000,'hadir','','2026-01-14 13:43:20'),(2518,138,1008,'hadir','','2026-01-14 13:43:20'),(2519,139,812,'alpa','','2026-01-14 13:45:36'),(2520,139,846,'izin','','2026-01-14 13:45:36'),(2521,139,849,'izin','','2026-01-14 13:45:36'),(2522,139,851,'alpa','','2026-01-14 13:45:36'),(2523,139,858,'hadir','','2026-01-14 13:45:36'),(2524,139,859,'hadir','','2026-01-14 13:45:36'),(2525,139,863,'hadir','','2026-01-14 13:45:36'),(2526,139,884,'hadir','','2026-01-14 13:45:36'),(2527,139,894,'alpa','','2026-01-14 13:45:36'),(2528,139,902,'hadir','','2026-01-14 13:45:36'),(2529,139,903,'alpa','','2026-01-14 13:45:36'),(2530,139,913,'alpa','','2026-01-14 13:45:36'),(2531,139,927,'alpa','','2026-01-14 13:45:36'),(2532,139,936,'sakit','','2026-01-14 13:45:36'),(2533,139,955,'hadir','','2026-01-14 13:45:36'),(2534,139,966,'hadir','','2026-01-14 13:45:36'),(2535,139,967,'hadir','','2026-01-14 13:45:36'),(2536,139,972,'alpa','','2026-01-14 13:45:36'),(2537,139,989,'hadir','','2026-01-14 13:45:36'),(2538,139,994,'alpa','','2026-01-14 13:45:36'),(2539,139,1010,'hadir','','2026-01-14 13:45:36'),(2540,140,821,'alpa','','2026-01-14 13:47:34'),(2541,140,833,'alpa','','2026-01-14 13:47:34'),(2542,140,834,'alpa','','2026-01-14 13:47:34'),(2543,140,841,'alpa','','2026-01-14 13:47:34'),(2544,140,843,'alpa','','2026-01-14 13:47:34'),(2545,140,844,'alpa','','2026-01-14 13:47:34'),(2546,140,860,'alpa','','2026-01-14 13:47:34'),(2547,140,877,'alpa','','2026-01-14 13:47:34'),(2548,140,891,'hadir','','2026-01-14 13:47:34'),(2549,140,892,'alpa','','2026-01-14 13:47:34'),(2550,140,921,'alpa','','2026-01-14 13:47:34'),(2551,140,924,'alpa','','2026-01-14 13:47:34'),(2552,140,929,'hadir','','2026-01-14 13:47:34'),(2553,140,939,'alpa','','2026-01-14 13:47:34'),(2554,140,960,'hadir','','2026-01-14 13:47:34'),(2555,140,963,'alpa','','2026-01-14 13:47:34'),(2556,140,1002,'hadir','','2026-01-14 13:47:34'),(2557,140,1005,'hadir','','2026-01-14 13:47:34'),(2558,141,848,'alpa','','2026-01-14 14:13:10'),(2559,141,857,'alpa','','2026-01-14 14:13:10'),(2560,141,870,'alpa','','2026-01-14 14:13:10'),(2561,141,905,'alpa','','2026-01-14 14:13:10'),(2562,141,906,'alpa','','2026-01-14 14:13:10'),(2563,141,917,'alpa','','2026-01-14 14:13:10'),(2564,141,919,'alpa','','2026-01-14 14:13:10'),(2565,141,922,'alpa','','2026-01-14 14:13:10'),(2566,141,925,'alpa','','2026-01-14 14:13:10'),(2567,141,937,'alpa','','2026-01-14 14:13:10'),(2568,141,938,'alpa','','2026-01-14 14:13:10'),(2569,141,942,'alpa','','2026-01-14 14:13:10'),(2570,141,947,'hadir','','2026-01-14 14:13:10'),(2571,141,948,'alpa','','2026-01-14 14:13:10'),(2572,141,973,'alpa','','2026-01-14 14:13:10'),(2573,141,976,'alpa','','2026-01-14 14:13:10'),(2574,141,981,'alpa','','2026-01-14 14:13:10'),(2575,141,996,'alpa','','2026-01-14 14:13:10'),(2576,141,1006,'alpa','','2026-01-14 14:13:10'),(2577,141,1007,'hadir','','2026-01-14 14:13:10'),(2578,142,811,'alpa','','2026-01-14 14:21:17'),(2579,142,839,'alpa','','2026-01-14 14:21:17'),(2580,142,842,'izin','','2026-01-14 14:21:17'),(2581,142,872,'alpa','','2026-01-14 14:21:17'),(2582,142,890,'alpa','','2026-01-14 14:21:17'),(2583,142,898,'alpa','','2026-01-14 14:21:17'),(2584,142,900,'hadir','','2026-01-14 14:21:17'),(2585,142,910,'alpa','','2026-01-14 14:21:17'),(2586,142,930,'hadir','','2026-01-14 14:21:17'),(2587,142,949,'hadir','','2026-01-14 14:21:17'),(2588,142,984,'alpa','','2026-01-14 14:21:17'),(2589,142,990,'hadir','','2026-01-14 14:21:17'),(2590,142,995,'hadir','','2026-01-14 14:21:17'),(2591,142,1000,'hadir','','2026-01-14 14:21:17'),(2592,142,1008,'hadir','','2026-01-14 14:21:17'),(2593,143,823,'alpa','','2026-01-14 14:21:50'),(2594,143,830,'alpa','','2026-01-14 14:21:50'),(2595,143,856,'alpa','','2026-01-14 14:21:50'),(2596,143,895,'alpa','','2026-01-14 14:21:50'),(2597,143,909,'alpa','','2026-01-14 14:21:50'),(2598,143,916,'alpa','','2026-01-14 14:21:50'),(2599,143,923,'alpa','','2026-01-14 14:21:50'),(2600,143,933,'alpa','','2026-01-14 14:21:50'),(2601,143,953,'hadir','','2026-01-14 14:21:50'),(2602,143,956,'hadir','','2026-01-14 14:21:50'),(2603,143,975,'alpa','','2026-01-14 14:21:50'),(2604,143,997,'alpa','','2026-01-14 14:21:50'),(2605,144,823,'alpa','','2026-01-14 14:23:44'),(2606,144,830,'alpa','','2026-01-14 14:23:44'),(2607,144,856,'alpa','','2026-01-14 14:23:44'),(2608,144,895,'alpa','','2026-01-14 14:23:44'),(2609,144,909,'alpa','','2026-01-14 14:23:44'),(2610,144,916,'alpa','','2026-01-14 14:23:44'),(2611,144,923,'alpa','','2026-01-14 14:23:44'),(2612,144,933,'alpa','','2026-01-14 14:23:44'),(2613,144,953,'hadir','','2026-01-14 14:23:44'),(2614,144,956,'alpa','','2026-01-14 14:23:44'),(2615,144,975,'alpa','','2026-01-14 14:23:44'),(2616,144,997,'alpa','','2026-01-14 14:23:44'),(2617,145,848,'alpa','','2026-01-14 14:27:57'),(2618,145,857,'alpa','','2026-01-14 14:27:57'),(2619,145,870,'alpa','','2026-01-14 14:27:57'),(2620,145,905,'alpa','','2026-01-14 14:27:57'),(2621,145,906,'alpa','','2026-01-14 14:27:57'),(2622,145,917,'alpa','','2026-01-14 14:27:57'),(2623,145,919,'hadir','','2026-01-14 14:27:57'),(2624,145,922,'alpa','','2026-01-14 14:27:57'),(2625,145,925,'alpa','','2026-01-14 14:27:57'),(2626,145,937,'alpa','','2026-01-14 14:27:57'),(2627,145,938,'alpa','','2026-01-14 14:27:57'),(2628,145,942,'hadir','','2026-01-14 14:27:57'),(2629,145,947,'hadir','','2026-01-14 14:27:57'),(2630,145,948,'alpa','','2026-01-14 14:27:57'),(2631,145,973,'alpa','','2026-01-14 14:27:57'),(2632,145,976,'alpa','','2026-01-14 14:27:57'),(2633,145,981,'alpa','','2026-01-14 14:27:57'),(2634,145,996,'alpa','','2026-01-14 14:27:57'),(2635,145,1006,'alpa','','2026-01-14 14:27:57'),(2636,145,1007,'hadir','','2026-01-14 14:27:57'),(2637,146,811,'alpa','','2026-01-14 14:28:08'),(2638,146,839,'hadir','','2026-01-14 14:28:08'),(2639,146,842,'hadir','','2026-01-14 14:28:08'),(2640,146,872,'alpa','','2026-01-14 14:28:08'),(2641,146,890,'alpa','','2026-01-14 14:28:08'),(2642,146,898,'alpa','','2026-01-14 14:28:08'),(2643,146,900,'hadir','','2026-01-14 14:28:08'),(2644,146,910,'hadir','','2026-01-14 14:28:08'),(2645,146,930,'hadir','','2026-01-14 14:28:08'),(2646,146,949,'hadir','','2026-01-14 14:28:08'),(2647,146,984,'izin','','2026-01-14 14:28:08'),(2648,146,990,'hadir','','2026-01-14 14:28:08'),(2649,146,995,'hadir','','2026-01-14 14:28:08'),(2650,146,1000,'hadir','','2026-01-14 14:28:08'),(2651,146,1008,'izin','','2026-01-14 14:28:08'),(2652,147,811,'hadir','','2026-01-14 14:33:25'),(2653,147,839,'hadir','','2026-01-14 14:33:25'),(2654,147,842,'hadir','','2026-01-14 14:33:25'),(2655,147,872,'alpa','','2026-01-14 14:33:25'),(2656,147,890,'alpa','','2026-01-14 14:33:25'),(2657,147,898,'alpa','','2026-01-14 14:33:25'),(2658,147,900,'hadir','','2026-01-14 14:33:25'),(2659,147,910,'alpa','','2026-01-14 14:33:25'),(2660,147,930,'hadir','','2026-01-14 14:33:25'),(2661,147,949,'hadir','','2026-01-14 14:33:25'),(2662,147,984,'izin','','2026-01-14 14:33:25'),(2663,147,990,'hadir','','2026-01-14 14:33:25'),(2664,147,995,'hadir','','2026-01-14 14:33:25'),(2665,147,1000,'hadir','','2026-01-14 14:33:25'),(2666,147,1008,'izin','','2026-01-14 14:33:25'),(2667,148,848,'alpa','','2026-01-14 14:36:24'),(2668,148,857,'alpa','','2026-01-14 14:36:24'),(2669,148,870,'alpa','','2026-01-14 14:36:24'),(2670,148,905,'alpa','','2026-01-14 14:36:24'),(2671,148,906,'alpa','','2026-01-14 14:36:24'),(2672,148,917,'alpa','','2026-01-14 14:36:24'),(2673,148,919,'alpa','','2026-01-14 14:36:24'),(2674,148,922,'alpa','','2026-01-14 14:36:24'),(2675,148,925,'alpa','','2026-01-14 14:36:24'),(2676,148,937,'alpa','','2026-01-14 14:36:24'),(2677,148,938,'alpa','','2026-01-14 14:36:24'),(2678,148,942,'alpa','','2026-01-14 14:36:24'),(2679,148,947,'hadir','','2026-01-14 14:36:24'),(2680,148,948,'alpa','','2026-01-14 14:36:24'),(2681,148,973,'alpa','','2026-01-14 14:36:24'),(2682,148,976,'alpa','','2026-01-14 14:36:24'),(2683,148,981,'izin','','2026-01-14 14:36:24'),(2684,148,996,'alpa','','2026-01-14 14:36:24'),(2685,148,1006,'alpa','','2026-01-14 14:36:24'),(2686,148,1007,'hadir','','2026-01-14 14:36:24'),(2687,149,815,'alpa','','2026-01-14 14:47:07'),(2688,149,816,'hadir','','2026-01-14 14:47:07'),(2689,149,820,'hadir','','2026-01-14 14:47:07'),(2690,149,828,'hadir','','2026-01-14 14:47:07'),(2691,149,829,'hadir','','2026-01-14 14:47:07'),(2692,149,852,'hadir','','2026-01-14 14:47:07'),(2693,149,867,'alpa','','2026-01-14 14:47:07'),(2694,149,868,'alpa','','2026-01-14 14:47:07'),(2695,149,871,'sakit','','2026-01-14 14:47:07'),(2696,149,879,'izin','','2026-01-14 14:47:07'),(2697,149,882,'izin','','2026-01-14 14:47:07'),(2698,149,899,'alpa','','2026-01-14 14:47:07'),(2699,149,901,'hadir','','2026-01-14 14:47:07'),(2700,149,911,'alpa','','2026-01-14 14:47:07'),(2701,149,931,'alpa','','2026-01-14 14:47:07'),(2702,149,934,'hadir','','2026-01-14 14:47:07'),(2703,149,941,'hadir','','2026-01-14 14:47:07'),(2704,149,954,'izin','','2026-01-14 14:47:07'),(2705,149,978,'alpa','','2026-01-14 14:47:07'),(2706,149,980,'hadir','','2026-01-14 14:47:07'),(2707,149,1003,'alpa','','2026-01-14 14:47:07'),(2708,150,848,'alpa','','2026-01-14 14:48:00'),(2709,150,857,'hadir','','2026-01-14 14:48:00'),(2710,150,870,'alpa','','2026-01-14 14:48:00'),(2711,150,905,'alpa','','2026-01-14 14:48:00'),(2712,150,906,'alpa','','2026-01-14 14:48:00'),(2713,150,917,'alpa','','2026-01-14 14:48:00'),(2714,150,919,'hadir','','2026-01-14 14:48:00'),(2715,150,922,'alpa','','2026-01-14 14:48:00'),(2716,150,925,'hadir','','2026-01-14 14:48:00'),(2717,150,937,'alpa','','2026-01-14 14:48:00'),(2718,150,938,'alpa','','2026-01-14 14:48:00'),(2719,150,942,'hadir','','2026-01-14 14:48:00'),(2720,150,947,'hadir','','2026-01-14 14:48:00'),(2721,150,948,'alpa','','2026-01-14 14:48:00'),(2722,150,973,'alpa','','2026-01-14 14:48:00'),(2723,150,976,'hadir','','2026-01-14 14:48:00'),(2724,150,981,'izin','','2026-01-14 14:48:00'),(2725,150,996,'alpa','','2026-01-14 14:48:00'),(2726,150,1006,'alpa','','2026-01-14 14:48:00'),(2727,150,1007,'hadir','','2026-01-14 14:48:00'),(2728,151,835,'alpa','','2026-01-14 17:58:31'),(2729,151,837,'alpa','','2026-01-14 17:58:31'),(2730,151,838,'hadir','','2026-01-14 17:58:31'),(2731,151,850,'sakit','','2026-01-14 17:58:31'),(2732,151,853,'hadir','','2026-01-14 17:58:31'),(2733,151,873,'alpa','','2026-01-14 17:58:31'),(2734,151,874,'hadir','','2026-01-14 17:58:31'),(2735,151,875,'izin','','2026-01-14 17:58:31'),(2736,151,881,'hadir','','2026-01-14 17:58:31'),(2737,151,888,'izin','','2026-01-14 17:58:31'),(2738,151,889,'izin','','2026-01-14 17:58:31'),(2739,151,904,'hadir','','2026-01-14 17:58:31'),(2740,151,914,'alpa','','2026-01-14 17:58:31'),(2741,151,915,'hadir','','2026-01-14 17:58:31'),(2742,151,950,'hadir','','2026-01-14 17:58:31'),(2743,151,959,'hadir','','2026-01-14 17:58:31'),(2744,151,965,'alpa','','2026-01-14 17:58:31'),(2745,151,993,'alpa','','2026-01-14 17:58:31'),(2746,151,1012,'alpa','','2026-01-14 17:58:31'),(2747,152,819,'alpa','','2026-01-15 11:34:41'),(2748,152,825,'hadir','','2026-01-15 11:34:41'),(2749,152,826,'alpa','','2026-01-15 11:34:41'),(2750,152,827,'alpa','','2026-01-15 11:34:41'),(2751,152,832,'alpa','','2026-01-15 11:34:41'),(2752,152,861,'hadir','','2026-01-15 11:34:41'),(2753,152,866,'hadir','','2026-01-15 11:34:41'),(2754,152,907,'hadir','','2026-01-15 11:34:41'),(2755,152,912,'hadir','','2026-01-15 11:34:41'),(2756,152,944,'hadir','','2026-01-15 11:34:41'),(2757,152,957,'hadir','','2026-01-15 11:34:41'),(2758,152,961,'hadir','','2026-01-15 11:34:41'),(2759,152,962,'alpa','','2026-01-15 11:34:41'),(2760,152,964,'hadir','','2026-01-15 11:34:41'),(2761,152,968,'hadir','','2026-01-15 11:34:41'),(2762,152,971,'hadir','','2026-01-15 11:34:41'),(2763,152,974,'hadir','','2026-01-15 11:34:41'),(2764,152,992,'alpa','','2026-01-15 11:34:41'),(2765,152,998,'hadir','','2026-01-15 11:34:41'),(2766,152,1009,'alpa','','2026-01-15 11:34:41'),(2767,153,811,'izin','','2026-01-15 11:42:23'),(2768,153,839,'hadir','','2026-01-15 11:42:23'),(2769,153,842,'izin','','2026-01-15 11:42:23'),(2770,153,872,'alpa','','2026-01-15 11:42:23'),(2771,153,890,'alpa','','2026-01-15 11:42:23'),(2772,153,898,'alpa','','2026-01-15 11:42:23'),(2773,153,900,'hadir','','2026-01-15 11:42:23'),(2774,153,910,'alpa','','2026-01-15 11:42:23'),(2775,153,930,'hadir','','2026-01-15 11:42:23'),(2776,153,949,'alpa','','2026-01-15 11:42:23'),(2777,153,984,'alpa','','2026-01-15 11:42:23'),(2778,153,990,'izin','','2026-01-15 11:42:23'),(2779,153,995,'alpa','','2026-01-15 11:42:23'),(2780,153,1000,'hadir','','2026-01-15 11:42:23'),(2781,153,1008,'izin','','2026-01-15 11:42:23'),(2782,154,835,'alpa','','2026-01-15 11:44:33'),(2783,154,837,'alpa','','2026-01-15 11:44:33'),(2784,154,838,'hadir','','2026-01-15 11:44:33'),(2785,154,850,'alpa','','2026-01-15 11:44:33'),(2786,154,853,'hadir','','2026-01-15 11:44:33'),(2787,154,873,'alpa','','2026-01-15 11:44:33'),(2788,154,874,'hadir','','2026-01-15 11:44:33'),(2789,154,875,'alpa','','2026-01-15 11:44:33'),(2790,154,881,'hadir','','2026-01-15 11:44:33'),(2791,154,888,'hadir','','2026-01-15 11:44:33'),(2792,154,889,'hadir','','2026-01-15 11:44:33'),(2793,154,904,'hadir','','2026-01-15 11:44:33'),(2794,154,914,'hadir','','2026-01-15 11:44:33'),(2795,154,915,'hadir','','2026-01-15 11:44:33'),(2796,154,950,'hadir','','2026-01-15 11:44:33'),(2797,154,959,'hadir','','2026-01-15 11:44:33'),(2798,154,965,'alpa','','2026-01-15 11:44:33'),(2799,154,993,'alpa','','2026-01-15 11:44:33'),(2800,154,1012,'hadir','','2026-01-15 11:44:33'),(2801,155,810,'alpa','','2026-01-15 11:44:38'),(2802,155,818,'alpa','','2026-01-15 11:44:38'),(2803,155,824,'alpa','','2026-01-15 11:44:38'),(2804,155,831,'hadir','','2026-01-15 11:44:38'),(2805,155,840,'alpa','','2026-01-15 11:44:38'),(2806,155,845,'alpa','','2026-01-15 11:44:38'),(2807,155,854,'alpa','','2026-01-15 11:44:38'),(2808,155,862,'alpa','','2026-01-15 11:44:38'),(2809,155,865,'hadir','','2026-01-15 11:44:38'),(2810,155,880,'hadir','','2026-01-15 11:44:38'),(2811,155,886,'alpa','','2026-01-15 11:44:38'),(2812,155,908,'hadir','','2026-01-15 11:44:38'),(2813,155,946,'hadir','','2026-01-15 11:44:38'),(2814,155,958,'hadir','','2026-01-15 11:44:38'),(2815,155,969,'alpa','','2026-01-15 11:44:38'),(2816,155,970,'alpa','','2026-01-15 11:44:38'),(2817,155,979,'hadir','','2026-01-15 11:44:38'),(2818,155,982,'hadir','','2026-01-15 11:44:38'),(2819,155,987,'alpa','','2026-01-15 11:44:38'),(2820,155,991,'hadir','','2026-01-15 11:44:38'),(2821,156,835,'alpa','','2026-01-15 11:44:56'),(2822,156,837,'alpa','','2026-01-15 11:44:56'),(2823,156,838,'hadir','','2026-01-15 11:44:56'),(2824,156,850,'alpa','','2026-01-15 11:44:56'),(2825,156,853,'hadir','','2026-01-15 11:44:56'),(2826,156,873,'alpa','','2026-01-15 11:44:56'),(2827,156,874,'hadir','','2026-01-15 11:44:56'),(2828,156,875,'alpa','','2026-01-15 11:44:56'),(2829,156,881,'hadir','','2026-01-15 11:44:56'),(2830,156,888,'hadir','','2026-01-15 11:44:56'),(2831,156,889,'hadir','','2026-01-15 11:44:56'),(2832,156,904,'hadir','','2026-01-15 11:44:56'),(2833,156,914,'hadir','','2026-01-15 11:44:56'),(2834,156,915,'hadir','','2026-01-15 11:44:56'),(2835,156,950,'hadir','','2026-01-15 11:44:56'),(2836,156,959,'hadir','','2026-01-15 11:44:56'),(2837,156,965,'alpa','','2026-01-15 11:44:56'),(2838,156,993,'alpa','','2026-01-15 11:44:56'),(2839,156,1012,'hadir','','2026-01-15 11:44:56'),(2840,157,815,'alpa','','2026-01-15 11:46:04'),(2841,157,816,'hadir','','2026-01-15 11:46:04'),(2842,157,820,'hadir','','2026-01-15 11:46:04'),(2843,157,828,'alpa','','2026-01-15 11:46:04'),(2844,157,829,'alpa','','2026-01-15 11:46:04'),(2845,157,852,'alpa','','2026-01-15 11:46:04'),(2846,157,867,'alpa','','2026-01-15 11:46:04'),(2847,157,868,'alpa','','2026-01-15 11:46:04'),(2848,157,871,'sakit','','2026-01-15 11:46:04'),(2849,157,879,'sakit','','2026-01-15 11:46:04'),(2850,157,882,'hadir','','2026-01-15 11:46:04'),(2851,157,899,'hadir','','2026-01-15 11:46:04'),(2852,157,901,'hadir','','2026-01-15 11:46:04'),(2853,157,911,'alpa','','2026-01-15 11:46:04'),(2854,157,931,'izin','','2026-01-15 11:46:04'),(2855,157,934,'hadir','','2026-01-15 11:46:04'),(2856,157,941,'hadir','','2026-01-15 11:46:04'),(2857,157,954,'hadir','','2026-01-15 11:46:04'),(2858,157,978,'alpa','','2026-01-15 11:46:04'),(2859,157,980,'hadir','','2026-01-15 11:46:04'),(2860,157,1003,'alpa','','2026-01-15 11:46:04'),(2861,158,819,'alpa','','2026-01-15 11:46:44'),(2862,158,825,'hadir','','2026-01-15 11:46:44'),(2863,158,826,'sakit','','2026-01-15 11:46:44'),(2864,158,827,'izin','','2026-01-15 11:46:44'),(2865,158,832,'alpa','','2026-01-15 11:46:44'),(2866,158,861,'hadir','','2026-01-15 11:46:44'),(2867,158,866,'sakit','','2026-01-15 11:46:44'),(2868,158,907,'hadir','','2026-01-15 11:46:44'),(2869,158,912,'hadir','','2026-01-15 11:46:44'),(2870,158,944,'hadir','','2026-01-15 11:46:44'),(2871,158,957,'hadir','','2026-01-15 11:46:44'),(2872,158,961,'hadir','','2026-01-15 11:46:44'),(2873,158,962,'alpa','','2026-01-15 11:46:44'),(2874,158,964,'izin','','2026-01-15 11:46:44'),(2875,158,968,'hadir','','2026-01-15 11:46:44'),(2876,158,971,'alpa','','2026-01-15 11:46:44'),(2877,158,974,'alpa','','2026-01-15 11:46:44'),(2878,158,992,'alpa','','2026-01-15 11:46:44'),(2879,158,998,'hadir','','2026-01-15 11:46:44'),(2880,158,1009,'izin','','2026-01-15 11:46:44'),(2881,159,819,'alpa','','2026-01-15 11:48:26'),(2882,159,825,'hadir','','2026-01-15 11:48:26'),(2883,159,826,'alpa','','2026-01-15 11:48:26'),(2884,159,827,'izin','','2026-01-15 11:48:26'),(2885,159,832,'alpa','','2026-01-15 11:48:26'),(2886,159,861,'hadir','','2026-01-15 11:48:26'),(2887,159,866,'hadir','','2026-01-15 11:48:26'),(2888,159,907,'sakit','','2026-01-15 11:48:26'),(2889,159,912,'hadir','','2026-01-15 11:48:26'),(2890,159,944,'hadir','','2026-01-15 11:48:26'),(2891,159,957,'hadir','','2026-01-15 11:48:26'),(2892,159,961,'hadir','','2026-01-15 11:48:26'),(2893,159,962,'alpa','','2026-01-15 11:48:26'),(2894,159,964,'hadir','','2026-01-15 11:48:26'),(2895,159,968,'hadir','','2026-01-15 11:48:26'),(2896,159,971,'alpa','','2026-01-15 11:48:26'),(2897,159,974,'hadir','','2026-01-15 11:48:26'),(2898,159,992,'alpa','','2026-01-15 11:48:26'),(2899,159,998,'hadir','','2026-01-15 11:48:26'),(2900,159,1009,'alpa','','2026-01-15 11:48:26'),(2901,160,848,'alpa','','2026-01-15 11:49:23'),(2902,160,857,'izin','','2026-01-15 11:49:23'),(2903,160,870,'alpa','','2026-01-15 11:49:23'),(2904,160,905,'alpa','','2026-01-15 11:49:23'),(2905,160,906,'alpa','','2026-01-15 11:49:23'),(2906,160,917,'alpa','','2026-01-15 11:49:23'),(2907,160,919,'hadir','','2026-01-15 11:49:23'),(2908,160,922,'alpa','','2026-01-15 11:49:23'),(2909,160,925,'alpa','','2026-01-15 11:49:23'),(2910,160,937,'alpa','','2026-01-15 11:49:23'),(2911,160,938,'alpa','','2026-01-15 11:49:23'),(2912,160,942,'alpa','','2026-01-15 11:49:23'),(2913,160,947,'hadir','','2026-01-15 11:49:23'),(2914,160,948,'alpa','','2026-01-15 11:49:23'),(2915,160,973,'alpa','','2026-01-15 11:49:23'),(2916,160,976,'hadir','','2026-01-15 11:49:23'),(2917,160,981,'sakit','','2026-01-15 11:49:23'),(2918,160,996,'alpa','','2026-01-15 11:49:23'),(2919,160,1006,'alpa','','2026-01-15 11:49:23'),(2920,160,1007,'hadir','','2026-01-15 11:49:23'),(2921,161,823,'hadir','','2026-01-15 11:49:30'),(2922,161,830,'alpa','','2026-01-15 11:49:30'),(2923,161,856,'alpa','','2026-01-15 11:49:30'),(2924,161,895,'alpa','','2026-01-15 11:49:30'),(2925,161,909,'alpa','','2026-01-15 11:49:30'),(2926,161,916,'alpa','','2026-01-15 11:49:30'),(2927,161,923,'alpa','','2026-01-15 11:49:30'),(2928,161,933,'hadir','','2026-01-15 11:49:30'),(2929,161,953,'hadir','','2026-01-15 11:49:30'),(2930,161,956,'hadir','','2026-01-15 11:49:30'),(2931,161,975,'alpa','','2026-01-15 11:49:30'),(2932,161,997,'alpa','','2026-01-15 11:49:30'),(2933,162,819,'alpa','','2026-01-15 11:51:36'),(2934,162,825,'hadir','','2026-01-15 11:51:36'),(2935,162,826,'hadir','','2026-01-15 11:51:36'),(2936,162,827,'hadir','','2026-01-15 11:51:36'),(2937,162,832,'hadir','','2026-01-15 11:51:36'),(2938,162,861,'hadir','','2026-01-15 11:51:36'),(2939,162,866,'hadir','','2026-01-15 11:51:36'),(2940,162,907,'hadir','','2026-01-15 11:51:36'),(2941,162,912,'hadir','','2026-01-15 11:51:36'),(2942,162,944,'hadir','','2026-01-15 11:51:36'),(2943,162,957,'hadir','','2026-01-15 11:51:36'),(2944,162,961,'hadir','','2026-01-15 11:51:36'),(2945,162,962,'alpa','','2026-01-15 11:51:36'),(2946,162,964,'izin','','2026-01-15 11:51:36'),(2947,162,968,'hadir','','2026-01-15 11:51:36'),(2948,162,971,'hadir','','2026-01-15 11:51:36'),(2949,162,974,'hadir','','2026-01-15 11:51:36'),(2950,162,992,'alpa','','2026-01-15 11:51:36'),(2951,162,998,'hadir','','2026-01-15 11:51:36'),(2952,162,1009,'hadir','','2026-01-15 11:51:36'),(2953,163,848,'alpa','','2026-01-15 11:52:29'),(2954,163,857,'izin','','2026-01-15 11:52:29'),(2955,163,870,'alpa','','2026-01-15 11:52:29'),(2956,163,905,'alpa','','2026-01-15 11:52:29'),(2957,163,906,'alpa','','2026-01-15 11:52:29'),(2958,163,917,'alpa','','2026-01-15 11:52:29'),(2959,163,919,'izin','','2026-01-15 11:52:29'),(2960,163,922,'alpa','','2026-01-15 11:52:29'),(2961,163,925,'hadir','','2026-01-15 11:52:29'),(2962,163,937,'alpa','','2026-01-15 11:52:29'),(2963,163,938,'alpa','','2026-01-15 11:52:29'),(2964,163,942,'hadir','','2026-01-15 11:52:29'),(2965,163,947,'hadir','','2026-01-15 11:52:29'),(2966,163,948,'alpa','','2026-01-15 11:52:29'),(2967,163,973,'alpa','','2026-01-15 11:52:29'),(2968,163,976,'hadir','','2026-01-15 11:52:29'),(2969,163,981,'hadir','','2026-01-15 11:52:29'),(2970,163,996,'alpa','','2026-01-15 11:52:29'),(2971,163,1006,'alpa','','2026-01-15 11:52:29'),(2972,163,1007,'izin','','2026-01-15 11:52:29'),(2973,164,815,'alpa','','2026-01-15 11:52:51'),(2974,164,816,'hadir','','2026-01-15 11:52:51'),(2975,164,820,'hadir','','2026-01-15 11:52:51'),(2976,164,828,'alpa','','2026-01-15 11:52:51'),(2977,164,829,'alpa','','2026-01-15 11:52:51'),(2978,164,852,'alpa','','2026-01-15 11:52:51'),(2979,164,867,'alpa','','2026-01-15 11:52:51'),(2980,164,868,'alpa','','2026-01-15 11:52:51'),(2981,164,871,'sakit','','2026-01-15 11:52:51'),(2982,164,879,'sakit','','2026-01-15 11:52:51'),(2983,164,882,'hadir','','2026-01-15 11:52:51'),(2984,164,899,'hadir','','2026-01-15 11:52:51'),(2985,164,901,'hadir','','2026-01-15 11:52:51'),(2986,164,911,'alpa','','2026-01-15 11:52:51'),(2987,164,931,'alpa','','2026-01-15 11:52:51'),(2988,164,934,'hadir','','2026-01-15 11:52:51'),(2989,164,941,'hadir','','2026-01-15 11:52:51'),(2990,164,954,'hadir','','2026-01-15 11:52:51'),(2991,164,978,'alpa','','2026-01-15 11:52:51'),(2992,164,980,'hadir','','2026-01-15 11:52:51'),(2993,164,1003,'alpa','','2026-01-15 11:52:51'),(2994,165,835,'alpa','','2026-01-15 11:53:10'),(2995,165,837,'alpa','','2026-01-15 11:53:10'),(2996,165,838,'hadir','','2026-01-15 11:53:10'),(2997,165,850,'hadir','','2026-01-15 11:53:10'),(2998,165,853,'hadir','','2026-01-15 11:53:10'),(2999,165,873,'alpa','','2026-01-15 11:53:10'),(3000,165,874,'hadir','','2026-01-15 11:53:10'),(3001,165,875,'alpa','','2026-01-15 11:53:10'),(3002,165,881,'hadir','','2026-01-15 11:53:10'),(3003,165,888,'hadir','','2026-01-15 11:53:10'),(3004,165,889,'hadir','','2026-01-15 11:53:10'),(3005,165,904,'hadir','','2026-01-15 11:53:10'),(3006,165,914,'hadir','','2026-01-15 11:53:10'),(3007,165,915,'hadir','','2026-01-15 11:53:10'),(3008,165,950,'hadir','','2026-01-15 11:53:10'),(3009,165,959,'hadir','','2026-01-15 11:53:10'),(3010,165,965,'hadir','','2026-01-15 11:53:10'),(3011,165,993,'alpa','','2026-01-15 11:53:10'),(3012,165,1012,'hadir','','2026-01-15 11:53:10'),(3013,166,809,'alpa','','2026-01-15 11:53:45'),(3014,166,813,'alpa','','2026-01-15 11:53:45'),(3015,166,836,'alpa','','2026-01-15 11:53:45'),(3016,166,855,'hadir','','2026-01-15 11:53:45'),(3017,166,864,'hadir','','2026-01-15 11:53:45'),(3018,166,869,'izin','','2026-01-15 11:53:45'),(3019,166,883,'izin','','2026-01-15 11:53:45'),(3020,166,887,'alpa','','2026-01-15 11:53:45'),(3021,166,896,'izin','','2026-01-15 11:53:45'),(3022,166,897,'alpa','','2026-01-15 11:53:45'),(3023,166,928,'hadir','','2026-01-15 11:53:45'),(3024,166,940,'alpa','','2026-01-15 11:53:45'),(3025,166,943,'hadir','','2026-01-15 11:53:45'),(3026,166,945,'hadir','','2026-01-15 11:53:45'),(3027,166,951,'hadir','','2026-01-15 11:53:45'),(3028,166,952,'alpa','','2026-01-15 11:53:45'),(3029,166,977,'hadir','','2026-01-15 11:53:45'),(3030,166,983,'alpa','','2026-01-15 11:53:45'),(3031,166,985,'alpa','','2026-01-15 11:53:45'),(3032,166,999,'hadir','','2026-01-15 11:53:45'),(3033,166,1001,'hadir','','2026-01-15 11:53:45'),(3034,166,1004,'alpa','','2026-01-15 11:53:45'),(3035,167,819,'alpa','','2026-01-15 11:55:45'),(3036,167,825,'hadir','','2026-01-15 11:55:45'),(3037,167,826,'hadir','','2026-01-15 11:55:45'),(3038,167,827,'izin','','2026-01-15 11:55:45'),(3039,167,832,'alpa','','2026-01-15 11:55:45'),(3040,167,861,'hadir','','2026-01-15 11:55:45'),(3041,167,866,'hadir','','2026-01-15 11:55:45'),(3042,167,907,'hadir','','2026-01-15 11:55:45'),(3043,167,912,'hadir','','2026-01-15 11:55:45'),(3044,167,944,'hadir','','2026-01-15 11:55:45'),(3045,167,957,'hadir','','2026-01-15 11:55:45'),(3046,167,961,'hadir','','2026-01-15 11:55:45'),(3047,167,962,'alpa','','2026-01-15 11:55:45'),(3048,167,964,'izin','','2026-01-15 11:55:45'),(3049,167,968,'hadir','','2026-01-15 11:55:45'),(3050,167,971,'hadir','','2026-01-15 11:55:45'),(3051,167,974,'hadir','','2026-01-15 11:55:45'),(3052,167,992,'alpa','','2026-01-15 11:55:45'),(3053,167,998,'hadir','','2026-01-15 11:55:45'),(3054,167,1009,'hadir','','2026-01-15 11:55:45'),(3055,168,835,'alpa','','2026-01-15 11:57:56'),(3056,168,837,'alpa','','2026-01-15 11:57:56'),(3057,168,838,'hadir','','2026-01-15 11:57:56'),(3058,168,850,'alpa','','2026-01-15 11:57:56'),(3059,168,853,'hadir','','2026-01-15 11:57:56'),(3060,168,873,'alpa','','2026-01-15 11:57:56'),(3061,168,874,'hadir','','2026-01-15 11:57:56'),(3062,168,875,'alpa','','2026-01-15 11:57:56'),(3063,168,881,'hadir','','2026-01-15 11:57:56'),(3064,168,888,'hadir','','2026-01-15 11:57:56'),(3065,168,889,'hadir','','2026-01-15 11:57:56'),(3066,168,904,'hadir','','2026-01-15 11:57:56'),(3067,168,914,'hadir','','2026-01-15 11:57:56'),(3068,168,915,'hadir','','2026-01-15 11:57:56'),(3069,168,950,'hadir','','2026-01-15 11:57:56'),(3070,168,959,'hadir','','2026-01-15 11:57:56'),(3071,168,965,'alpa','','2026-01-15 11:57:56'),(3072,168,993,'alpa','','2026-01-15 11:57:56'),(3073,168,1012,'hadir','','2026-01-15 11:57:56'),(3074,169,809,'alpa','','2026-01-15 11:58:14'),(3075,169,813,'hadir','','2026-01-15 11:58:14'),(3076,169,836,'alpa','','2026-01-15 11:58:14'),(3077,169,855,'hadir','','2026-01-15 11:58:14'),(3078,169,864,'hadir','','2026-01-15 11:58:14'),(3079,169,869,'hadir','','2026-01-15 11:58:14'),(3080,169,883,'hadir','','2026-01-15 11:58:14'),(3081,169,887,'alpa','','2026-01-15 11:58:14'),(3082,169,896,'hadir','','2026-01-15 11:58:14'),(3083,169,897,'alpa','','2026-01-15 11:58:14'),(3084,169,928,'hadir','','2026-01-15 11:58:14'),(3085,169,940,'alpa','','2026-01-15 11:58:14'),(3086,169,943,'hadir','','2026-01-15 11:58:14'),(3087,169,945,'alpa','','2026-01-15 11:58:14'),(3088,169,951,'hadir','','2026-01-15 11:58:14'),(3089,169,952,'alpa','','2026-01-15 11:58:14'),(3090,169,977,'hadir','','2026-01-15 11:58:14'),(3091,169,983,'alpa','','2026-01-15 11:58:14'),(3092,169,985,'alpa','','2026-01-15 11:58:14'),(3093,169,999,'hadir','','2026-01-15 11:58:14'),(3094,169,1001,'hadir','','2026-01-15 11:58:14'),(3095,169,1004,'alpa','','2026-01-15 11:58:14'),(3096,170,819,'alpa','','2026-01-15 12:01:16'),(3097,170,825,'hadir','','2026-01-15 12:01:16'),(3098,170,826,'hadir','','2026-01-15 12:01:16'),(3099,170,827,'izin','','2026-01-15 12:01:16'),(3100,170,832,'alpa','','2026-01-15 12:01:16'),(3101,170,861,'hadir','','2026-01-15 12:01:16'),(3102,170,866,'hadir','','2026-01-15 12:01:16'),(3103,170,907,'hadir','','2026-01-15 12:01:16'),(3104,170,912,'hadir','','2026-01-15 12:01:16'),(3105,170,944,'hadir','','2026-01-15 12:01:16'),(3106,170,957,'hadir','','2026-01-15 12:01:16'),(3107,170,961,'hadir','','2026-01-15 12:01:16'),(3108,170,962,'alpa','','2026-01-15 12:01:16'),(3109,170,964,'izin','','2026-01-15 12:01:16'),(3110,170,968,'hadir','','2026-01-15 12:01:16'),(3111,170,971,'hadir','','2026-01-15 12:01:16'),(3112,170,974,'hadir','','2026-01-15 12:01:16'),(3113,170,992,'hadir','','2026-01-15 12:01:16'),(3114,170,998,'hadir','','2026-01-15 12:01:16'),(3115,170,1009,'hadir','','2026-01-15 12:01:16'),(3116,171,819,'alpa','','2026-01-15 12:02:27'),(3117,171,825,'hadir','','2026-01-15 12:02:27'),(3118,171,826,'izin','','2026-01-15 12:02:27'),(3119,171,827,'izin','','2026-01-15 12:02:27'),(3120,171,832,'alpa','','2026-01-15 12:02:27'),(3121,171,861,'hadir','','2026-01-15 12:02:27'),(3122,171,866,'hadir','','2026-01-15 12:02:27'),(3123,171,907,'hadir','','2026-01-15 12:02:27'),(3124,171,912,'hadir','','2026-01-15 12:02:27'),(3125,171,944,'hadir','','2026-01-15 12:02:27'),(3126,171,957,'hadir','','2026-01-15 12:02:27'),(3127,171,961,'hadir','','2026-01-15 12:02:27'),(3128,171,962,'alpa','','2026-01-15 12:02:27'),(3129,171,964,'hadir','','2026-01-15 12:02:27'),(3130,171,968,'hadir','','2026-01-15 12:02:27'),(3131,171,971,'hadir','','2026-01-15 12:02:27'),(3132,171,974,'hadir','','2026-01-15 12:02:27'),(3133,171,992,'alpa','','2026-01-15 12:02:27'),(3134,171,998,'hadir','','2026-01-15 12:02:27'),(3135,171,1009,'hadir','','2026-01-15 12:02:27'),(3136,172,812,'alpa','','2026-01-15 12:04:00'),(3137,172,846,'sakit','','2026-01-15 12:04:00'),(3138,172,849,'hadir','','2026-01-15 12:04:00'),(3139,172,851,'alpa','','2026-01-15 12:04:00'),(3140,172,858,'hadir','','2026-01-15 12:04:00'),(3141,172,859,'hadir','','2026-01-15 12:04:00'),(3142,172,863,'hadir','','2026-01-15 12:04:00'),(3143,172,884,'hadir','','2026-01-15 12:04:00'),(3144,172,894,'alpa','','2026-01-15 12:04:00'),(3145,172,902,'hadir','','2026-01-15 12:04:00'),(3146,172,903,'alpa','','2026-01-15 12:04:00'),(3147,172,913,'alpa','','2026-01-15 12:04:00'),(3148,172,927,'alpa','','2026-01-15 12:04:00'),(3149,172,936,'alpa','','2026-01-15 12:04:00'),(3150,172,955,'sakit','','2026-01-15 12:04:00'),(3151,172,966,'alpa','','2026-01-15 12:04:00'),(3152,172,967,'hadir','','2026-01-15 12:04:00'),(3153,172,972,'alpa','','2026-01-15 12:04:00'),(3154,172,989,'alpa','','2026-01-15 12:04:00'),(3155,172,994,'alpa','','2026-01-15 12:04:00'),(3156,172,1010,'alpa','','2026-01-15 12:04:00'),(3157,173,848,'alpa','','2026-01-15 12:04:22'),(3158,173,857,'hadir','','2026-01-15 12:04:22'),(3159,173,870,'alpa','','2026-01-15 12:04:22'),(3160,173,905,'alpa','','2026-01-15 12:04:22'),(3161,173,906,'alpa','','2026-01-15 12:04:22'),(3162,173,917,'alpa','','2026-01-15 12:04:22'),(3163,173,919,'alpa','','2026-01-15 12:04:22'),(3164,173,922,'alpa','','2026-01-15 12:04:22'),(3165,173,925,'alpa','','2026-01-15 12:04:22'),(3166,173,937,'alpa','','2026-01-15 12:04:22'),(3167,173,938,'alpa','','2026-01-15 12:04:22'),(3168,173,942,'hadir','','2026-01-15 12:04:22'),(3169,173,947,'hadir','','2026-01-15 12:04:22'),(3170,173,948,'hadir','','2026-01-15 12:04:22'),(3171,173,973,'hadir','','2026-01-15 12:04:22'),(3172,173,976,'hadir','','2026-01-15 12:04:22'),(3173,173,981,'hadir','','2026-01-15 12:04:22'),(3174,173,996,'hadir','','2026-01-15 12:04:22'),(3175,173,1006,'alpa','','2026-01-15 12:04:22'),(3176,173,1007,'alpa','','2026-01-15 12:04:22'),(3177,174,848,'alpa','','2026-01-15 12:05:04'),(3178,174,857,'alpa','','2026-01-15 12:05:04'),(3179,174,870,'alpa','','2026-01-15 12:05:04'),(3180,174,905,'alpa','','2026-01-15 12:05:04'),(3181,174,906,'alpa','','2026-01-15 12:05:04'),(3182,174,917,'alpa','','2026-01-15 12:05:04'),(3183,174,919,'alpa','','2026-01-15 12:05:04'),(3184,174,922,'alpa','','2026-01-15 12:05:04'),(3185,174,925,'alpa','','2026-01-15 12:05:04'),(3186,174,937,'alpa','','2026-01-15 12:05:04'),(3187,174,938,'alpa','','2026-01-15 12:05:04'),(3188,174,942,'alpa','','2026-01-15 12:05:04'),(3189,174,947,'hadir','','2026-01-15 12:05:04'),(3190,174,948,'alpa','','2026-01-15 12:05:04'),(3191,174,973,'alpa','','2026-01-15 12:05:04'),(3192,174,976,'alpa','','2026-01-15 12:05:04'),(3193,174,981,'alpa','','2026-01-15 12:05:04'),(3194,174,996,'alpa','','2026-01-15 12:05:04'),(3195,174,1006,'alpa','','2026-01-15 12:05:04'),(3196,174,1007,'hadir','','2026-01-15 12:05:04'),(3197,175,810,'alpa','','2026-01-15 12:05:53'),(3198,175,818,'alpa','','2026-01-15 12:05:53'),(3199,175,824,'alpa','','2026-01-15 12:05:53'),(3200,175,831,'hadir','','2026-01-15 12:05:53'),(3201,175,840,'alpa','','2026-01-15 12:05:53'),(3202,175,845,'alpa','','2026-01-15 12:05:53'),(3203,175,854,'alpa','','2026-01-15 12:05:53'),(3204,175,862,'alpa','','2026-01-15 12:05:53'),(3205,175,865,'hadir','','2026-01-15 12:05:53'),(3206,175,880,'hadir','','2026-01-15 12:05:53'),(3207,175,886,'alpa','','2026-01-15 12:05:53'),(3208,175,908,'hadir','','2026-01-15 12:05:53'),(3209,175,946,'hadir','','2026-01-15 12:05:53'),(3210,175,958,'hadir','','2026-01-15 12:05:53'),(3211,175,969,'alpa','','2026-01-15 12:05:53'),(3212,175,970,'alpa','','2026-01-15 12:05:53'),(3213,175,979,'alpa','','2026-01-15 12:05:53'),(3214,175,982,'alpa','','2026-01-15 12:05:53'),(3215,175,987,'alpa','','2026-01-15 12:05:53'),(3216,175,991,'hadir','','2026-01-15 12:05:53'),(3217,176,812,'alpa','','2026-01-15 12:09:12'),(3218,176,846,'hadir','','2026-01-15 12:09:12'),(3219,176,849,'alpa','','2026-01-15 12:09:12'),(3220,176,851,'alpa','','2026-01-15 12:09:12'),(3221,176,858,'hadir','','2026-01-15 12:09:12'),(3222,176,859,'alpa','','2026-01-15 12:09:12'),(3223,176,863,'sakit','','2026-01-15 12:09:12'),(3224,176,884,'hadir','','2026-01-15 12:09:12'),(3225,176,894,'alpa','','2026-01-15 12:09:12'),(3226,176,902,'hadir','','2026-01-15 12:09:12'),(3227,176,903,'alpa','','2026-01-15 12:09:12'),(3228,176,913,'alpa','','2026-01-15 12:09:12'),(3229,176,927,'alpa','','2026-01-15 12:09:12'),(3230,176,936,'sakit','','2026-01-15 12:09:12'),(3231,176,955,'hadir','','2026-01-15 12:09:12'),(3232,176,966,'hadir','','2026-01-15 12:09:12'),(3233,176,967,'hadir','','2026-01-15 12:09:12'),(3234,176,972,'alpa','','2026-01-15 12:09:12'),(3235,176,989,'hadir','','2026-01-15 12:09:12'),(3236,176,994,'hadir','','2026-01-15 12:09:12'),(3237,176,1010,'hadir','','2026-01-15 12:09:12'),(3238,177,810,'alpa','','2026-01-15 12:13:30'),(3239,177,818,'alpa','','2026-01-15 12:13:30'),(3240,177,824,'alpa','','2026-01-15 12:13:30'),(3241,177,831,'hadir','','2026-01-15 12:13:30'),(3242,177,840,'alpa','','2026-01-15 12:13:30'),(3243,177,845,'alpa','','2026-01-15 12:13:30'),(3244,177,854,'alpa','','2026-01-15 12:13:30'),(3245,177,862,'alpa','','2026-01-15 12:13:30'),(3246,177,865,'hadir','','2026-01-15 12:13:30'),(3247,177,880,'hadir','','2026-01-15 12:13:30'),(3248,177,886,'alpa','','2026-01-15 12:13:30'),(3249,177,908,'hadir','','2026-01-15 12:13:30'),(3250,177,946,'hadir','','2026-01-15 12:13:30'),(3251,177,958,'hadir','','2026-01-15 12:13:30'),(3252,177,969,'alpa','','2026-01-15 12:13:30'),(3253,177,970,'alpa','','2026-01-15 12:13:30'),(3254,177,979,'hadir','','2026-01-15 12:13:30'),(3255,177,982,'hadir','','2026-01-15 12:13:30'),(3256,177,987,'alpa','','2026-01-15 12:13:30'),(3257,177,991,'sakit','','2026-01-15 12:13:30'),(3258,178,835,'alpa','','2026-01-15 12:16:13'),(3259,178,837,'alpa','','2026-01-15 12:16:13'),(3260,178,838,'hadir','','2026-01-15 12:16:13'),(3261,178,850,'hadir','','2026-01-15 12:16:13'),(3262,178,853,'hadir','','2026-01-15 12:16:13'),(3263,178,873,'alpa','','2026-01-15 12:16:13'),(3264,178,874,'hadir','','2026-01-15 12:16:13'),(3265,178,875,'hadir','','2026-01-15 12:16:13'),(3266,178,881,'alpa','','2026-01-15 12:16:13'),(3267,178,888,'hadir','','2026-01-15 12:16:13'),(3268,178,889,'hadir','','2026-01-15 12:16:13'),(3269,178,904,'hadir','','2026-01-15 12:16:13'),(3270,178,914,'hadir','','2026-01-15 12:16:13'),(3271,178,915,'hadir','','2026-01-15 12:16:13'),(3272,178,950,'hadir','','2026-01-15 12:16:13'),(3273,178,959,'hadir','','2026-01-15 12:16:13'),(3274,178,965,'hadir','','2026-01-15 12:16:13'),(3275,178,993,'hadir','','2026-01-15 12:16:13'),(3276,178,1012,'hadir','','2026-01-15 12:16:13'),(3277,179,810,'alpa','','2026-01-15 12:17:14'),(3278,179,818,'alpa','','2026-01-15 12:17:14'),(3279,179,824,'alpa','','2026-01-15 12:17:14'),(3280,179,831,'hadir','','2026-01-15 12:17:14'),(3281,179,840,'alpa','','2026-01-15 12:17:14'),(3282,179,845,'alpa','','2026-01-15 12:17:14'),(3283,179,854,'alpa','','2026-01-15 12:17:14'),(3284,179,862,'alpa','','2026-01-15 12:17:14'),(3285,179,865,'hadir','','2026-01-15 12:17:14'),(3286,179,880,'hadir','','2026-01-15 12:17:14'),(3287,179,886,'alpa','','2026-01-15 12:17:14'),(3288,179,908,'hadir','','2026-01-15 12:17:14'),(3289,179,946,'hadir','','2026-01-15 12:17:14'),(3290,179,958,'hadir','','2026-01-15 12:17:14'),(3291,179,969,'alpa','','2026-01-15 12:17:14'),(3292,179,970,'alpa','','2026-01-15 12:17:14'),(3293,179,979,'hadir','','2026-01-15 12:17:14'),(3294,179,982,'hadir','','2026-01-15 12:17:14'),(3295,179,987,'alpa','','2026-01-15 12:17:14'),(3296,179,991,'hadir','','2026-01-15 12:17:14'),(3297,180,811,'alpa','','2026-01-15 12:24:45'),(3298,180,839,'hadir','','2026-01-15 12:24:45'),(3299,180,842,'hadir','','2026-01-15 12:24:45'),(3300,180,872,'alpa','','2026-01-15 12:24:45'),(3301,180,890,'alpa','','2026-01-15 12:24:45'),(3302,180,898,'hadir','','2026-01-15 12:24:45'),(3303,180,900,'hadir','','2026-01-15 12:24:45'),(3304,180,910,'alpa','','2026-01-15 12:24:45'),(3305,180,930,'hadir','','2026-01-15 12:24:45'),(3306,180,949,'hadir','','2026-01-15 12:24:45'),(3307,180,984,'alpa','','2026-01-15 12:24:45'),(3308,180,990,'hadir','','2026-01-15 12:24:45'),(3309,180,995,'hadir','','2026-01-15 12:24:45'),(3310,180,1000,'alpa','','2026-01-15 12:24:45'),(3311,180,1008,'hadir','','2026-01-15 12:24:45'),(3312,181,848,'alpa','','2026-01-15 12:26:31'),(3313,181,857,'hadir','','2026-01-15 12:26:31'),(3314,181,870,'alpa','','2026-01-15 12:26:31'),(3315,181,905,'alpa','','2026-01-15 12:26:31'),(3316,181,906,'alpa','','2026-01-15 12:26:31'),(3317,181,917,'alpa','','2026-01-15 12:26:31'),(3318,181,919,'alpa','','2026-01-15 12:26:31'),(3319,181,922,'alpa','','2026-01-15 12:26:31'),(3320,181,925,'alpa','','2026-01-15 12:26:31'),(3321,181,937,'alpa','','2026-01-15 12:26:31'),(3322,181,938,'alpa','','2026-01-15 12:26:31'),(3323,181,942,'hadir','','2026-01-15 12:26:31'),(3324,181,947,'hadir','','2026-01-15 12:26:31'),(3325,181,948,'alpa','','2026-01-15 12:26:31'),(3326,181,973,'alpa','','2026-01-15 12:26:31'),(3327,181,976,'alpa','','2026-01-15 12:26:31'),(3328,181,981,'hadir','','2026-01-15 12:26:31'),(3329,181,996,'hadir','','2026-01-15 12:26:31'),(3330,181,1006,'alpa','','2026-01-15 12:26:31'),(3331,181,1007,'hadir','','2026-01-15 12:26:31'),(3332,182,835,'alpa','','2026-01-15 12:29:14'),(3333,182,837,'alpa','','2026-01-15 12:29:14'),(3334,182,838,'hadir','','2026-01-15 12:29:14'),(3335,182,850,'hadir','','2026-01-15 12:29:14'),(3336,182,853,'hadir','','2026-01-15 12:29:14'),(3337,182,873,'alpa','','2026-01-15 12:29:14'),(3338,182,874,'hadir','','2026-01-15 12:29:14'),(3339,182,875,'hadir','','2026-01-15 12:29:14'),(3340,182,881,'alpa','','2026-01-15 12:29:14'),(3341,182,888,'hadir','','2026-01-15 12:29:14'),(3342,182,889,'hadir','','2026-01-15 12:29:14'),(3343,182,904,'hadir','','2026-01-15 12:29:14'),(3344,182,914,'hadir','','2026-01-15 12:29:14'),(3345,182,915,'hadir','','2026-01-15 12:29:14'),(3346,182,950,'hadir','','2026-01-15 12:29:14'),(3347,182,959,'hadir','','2026-01-15 12:29:14'),(3348,182,965,'hadir','','2026-01-15 12:29:14'),(3349,182,993,'alpa','','2026-01-15 12:29:14'),(3350,182,1012,'hadir','','2026-01-15 12:29:14'),(3351,183,821,'alpa','','2026-01-15 12:31:02'),(3352,183,833,'alpa','','2026-01-15 12:31:02'),(3353,183,834,'alpa','','2026-01-15 12:31:02'),(3354,183,841,'alpa','','2026-01-15 12:31:02'),(3355,183,843,'alpa','','2026-01-15 12:31:02'),(3356,183,844,'alpa','','2026-01-15 12:31:02'),(3357,183,860,'alpa','','2026-01-15 12:31:02'),(3358,183,877,'alpa','','2026-01-15 12:31:02'),(3359,183,891,'alpa','','2026-01-15 12:31:02'),(3360,183,892,'alpa','','2026-01-15 12:31:02'),(3361,183,921,'alpa','','2026-01-15 12:31:02'),(3362,183,924,'alpa','','2026-01-15 12:31:02'),(3363,183,929,'hadir','','2026-01-15 12:31:02'),(3364,183,939,'alpa','','2026-01-15 12:31:02'),(3365,183,960,'hadir','','2026-01-15 12:31:02'),(3366,183,963,'alpa','','2026-01-15 12:31:02'),(3367,183,1002,'hadir','','2026-01-15 12:31:02'),(3368,183,1005,'hadir','','2026-01-15 12:31:02'),(3369,184,812,'alpa','','2026-01-15 12:41:02'),(3370,184,846,'sakit','','2026-01-15 12:41:02'),(3371,184,849,'alpa','','2026-01-15 12:41:02'),(3372,184,851,'alpa','','2026-01-15 12:41:02'),(3373,184,858,'hadir','','2026-01-15 12:41:02'),(3374,184,859,'hadir','','2026-01-15 12:41:02'),(3375,184,863,'hadir','','2026-01-15 12:41:02'),(3376,184,884,'hadir','','2026-01-15 12:41:02'),(3377,184,894,'alpa','','2026-01-15 12:41:02'),(3378,184,902,'hadir','','2026-01-15 12:41:02'),(3379,184,903,'alpa','','2026-01-15 12:41:02'),(3380,184,913,'alpa','','2026-01-15 12:41:02'),(3381,184,927,'alpa','','2026-01-15 12:41:02'),(3382,184,936,'alpa','','2026-01-15 12:41:02'),(3383,184,955,'sakit','','2026-01-15 12:41:02'),(3384,184,966,'izin','','2026-01-15 12:41:02'),(3385,184,967,'hadir','','2026-01-15 12:41:02'),(3386,184,972,'alpa','','2026-01-15 12:41:02'),(3387,184,989,'alpa','','2026-01-15 12:41:02'),(3388,184,994,'alpa','','2026-01-15 12:41:02'),(3389,184,1010,'alpa','','2026-01-15 12:41:02'),(3390,185,814,'alpa','','2026-01-15 12:44:46'),(3391,185,817,'alpa','','2026-01-15 12:44:46'),(3392,185,822,'hadir','','2026-01-15 12:44:46'),(3393,185,847,'alpa','','2026-01-15 12:44:46'),(3394,185,876,'hadir','','2026-01-15 12:44:46'),(3395,185,878,'alpa','','2026-01-15 12:44:46'),(3396,185,885,'hadir','','2026-01-15 12:44:46'),(3397,185,893,'alpa','','2026-01-15 12:44:46'),(3398,185,918,'izin','','2026-01-15 12:44:46'),(3399,185,920,'hadir','','2026-01-15 12:44:46'),(3400,185,926,'alpa','','2026-01-15 12:44:46'),(3401,185,932,'alpa','','2026-01-15 12:44:46'),(3402,185,935,'alpa','','2026-01-15 12:44:46'),(3403,185,986,'hadir','','2026-01-15 12:44:46'),(3404,185,988,'alpa','','2026-01-15 12:44:46'),(3405,185,1011,'sakit','','2026-01-15 12:44:46'),(3406,186,811,'izin','','2026-01-15 12:49:48'),(3407,186,839,'hadir','','2026-01-15 12:49:48'),(3408,186,842,'izin','','2026-01-15 12:49:48'),(3409,186,872,'alpa','','2026-01-15 12:49:48'),(3410,186,890,'alpa','','2026-01-15 12:49:48'),(3411,186,898,'alpa','','2026-01-15 12:49:48'),(3412,186,900,'hadir','','2026-01-15 12:49:48'),(3413,186,910,'alpa','','2026-01-15 12:49:48'),(3414,186,930,'hadir','','2026-01-15 12:49:48'),(3415,186,949,'alpa','','2026-01-15 12:49:48'),(3416,186,984,'alpa','','2026-01-15 12:49:48'),(3417,186,990,'izin','','2026-01-15 12:49:48'),(3418,186,995,'alpa','','2026-01-15 12:49:48'),(3419,186,1000,'hadir','','2026-01-15 12:49:48'),(3420,186,1008,'izin','','2026-01-15 12:49:48'),(3421,187,811,'alpa','','2026-01-15 12:55:21'),(3422,187,839,'alpa','','2026-01-15 12:55:21'),(3423,187,842,'alpa','','2026-01-15 12:55:21'),(3424,187,872,'alpa','','2026-01-15 12:55:21'),(3425,187,890,'alpa','','2026-01-15 12:55:21'),(3426,187,898,'alpa','','2026-01-15 12:55:21'),(3427,187,900,'hadir','','2026-01-15 12:55:21'),(3428,187,910,'alpa','','2026-01-15 12:55:21'),(3429,187,930,'hadir','','2026-01-15 12:55:21'),(3430,187,949,'alpa','','2026-01-15 12:55:21'),(3431,187,984,'alpa','','2026-01-15 12:55:21'),(3432,187,990,'hadir','','2026-01-15 12:55:21'),(3433,187,995,'hadir','','2026-01-15 12:55:21'),(3434,187,1000,'hadir','','2026-01-15 12:55:21'),(3435,187,1008,'hadir','','2026-01-15 12:55:21'),(3436,188,812,'alpa','','2026-01-15 13:12:56'),(3437,188,846,'hadir','','2026-01-15 13:12:56'),(3438,188,849,'alpa','','2026-01-15 13:12:56'),(3439,188,851,'alpa','','2026-01-15 13:12:56'),(3440,188,858,'hadir','','2026-01-15 13:12:56'),(3441,188,859,'alpa','','2026-01-15 13:12:56'),(3442,188,863,'sakit','','2026-01-15 13:12:56'),(3443,188,884,'hadir','','2026-01-15 13:12:56'),(3444,188,894,'izin','','2026-01-15 13:12:56'),(3445,188,902,'hadir','','2026-01-15 13:12:56'),(3446,188,903,'alpa','','2026-01-15 13:12:56'),(3447,188,913,'alpa','','2026-01-15 13:12:56'),(3448,188,927,'alpa','','2026-01-15 13:12:56'),(3449,188,936,'alpa','','2026-01-15 13:12:56'),(3450,188,955,'hadir','','2026-01-15 13:12:56'),(3451,188,966,'hadir','','2026-01-15 13:12:56'),(3452,188,967,'hadir','','2026-01-15 13:12:56'),(3453,188,972,'alpa','','2026-01-15 13:12:56'),(3454,188,989,'hadir','','2026-01-15 13:12:56'),(3455,188,994,'alpa','','2026-01-15 13:12:56'),(3456,188,1010,'izin','','2026-01-15 13:12:56'),(3457,189,835,'alpa','','2026-01-15 13:17:53'),(3458,189,837,'alpa','','2026-01-15 13:17:53'),(3459,189,838,'hadir','','2026-01-15 13:17:53'),(3460,189,850,'sakit','','2026-01-15 13:17:53'),(3461,189,853,'hadir','','2026-01-15 13:17:53'),(3462,189,873,'alpa','','2026-01-15 13:17:53'),(3463,189,874,'hadir','','2026-01-15 13:17:53'),(3464,189,875,'izin','','2026-01-15 13:17:53'),(3465,189,881,'hadir','','2026-01-15 13:17:53'),(3466,189,888,'hadir','','2026-01-15 13:17:53'),(3467,189,889,'hadir','','2026-01-15 13:17:53'),(3468,189,904,'hadir','','2026-01-15 13:17:53'),(3469,189,914,'hadir','','2026-01-15 13:17:53'),(3470,189,915,'hadir','','2026-01-15 13:17:53'),(3471,189,950,'hadir','','2026-01-15 13:17:53'),(3472,189,959,'hadir','','2026-01-15 13:17:53'),(3473,189,965,'alpa','','2026-01-15 13:17:53'),(3474,189,993,'alpa','','2026-01-15 13:17:53'),(3475,189,1012,'hadir','','2026-01-15 13:17:53'),(3476,190,835,'alpa','','2026-01-15 13:21:31'),(3477,190,837,'alpa','','2026-01-15 13:21:31'),(3478,190,838,'hadir','','2026-01-15 13:21:31'),(3479,190,850,'izin','','2026-01-15 13:21:31'),(3480,190,853,'hadir','','2026-01-15 13:21:31'),(3481,190,873,'alpa','','2026-01-15 13:21:31'),(3482,190,874,'hadir','','2026-01-15 13:21:31'),(3483,190,875,'izin','','2026-01-15 13:21:31'),(3484,190,881,'hadir','','2026-01-15 13:21:31'),(3485,190,888,'hadir','','2026-01-15 13:21:31'),(3486,190,889,'hadir','','2026-01-15 13:21:31'),(3487,190,904,'hadir','','2026-01-15 13:21:31'),(3488,190,914,'hadir','','2026-01-15 13:21:31'),(3489,190,915,'hadir','','2026-01-15 13:21:31'),(3490,190,950,'hadir','','2026-01-15 13:21:31'),(3491,190,959,'hadir','','2026-01-15 13:21:31'),(3492,190,965,'alpa','','2026-01-15 13:21:31'),(3493,190,993,'alpa','','2026-01-15 13:21:31'),(3494,190,1012,'alpa','','2026-01-15 13:21:31'),(3495,191,819,'alpa','','2026-01-15 13:21:32'),(3496,191,825,'hadir','','2026-01-15 13:21:32'),(3497,191,826,'hadir','','2026-01-15 13:21:32'),(3498,191,827,'alpa','','2026-01-15 13:21:32'),(3499,191,832,'alpa','','2026-01-15 13:21:32'),(3500,191,861,'hadir','','2026-01-15 13:21:32'),(3501,191,866,'hadir','','2026-01-15 13:21:32'),(3502,191,907,'hadir','','2026-01-15 13:21:32'),(3503,191,912,'hadir','','2026-01-15 13:21:32'),(3504,191,944,'hadir','','2026-01-15 13:21:32'),(3505,191,957,'hadir','','2026-01-15 13:21:32'),(3506,191,961,'hadir','','2026-01-15 13:21:32'),(3507,191,962,'alpa','','2026-01-15 13:21:32'),(3508,191,964,'hadir','','2026-01-15 13:21:32'),(3509,191,968,'hadir','','2026-01-15 13:21:32'),(3510,191,971,'hadir','','2026-01-15 13:21:32'),(3511,191,974,'hadir','','2026-01-15 13:21:32'),(3512,191,992,'alpa','','2026-01-15 13:21:32'),(3513,191,998,'hadir','','2026-01-15 13:21:32'),(3514,191,1009,'alpa','','2026-01-15 13:21:32'),(3515,192,848,'alpa','','2026-01-15 13:24:36'),(3516,192,857,'hadir','','2026-01-15 13:24:36'),(3517,192,870,'alpa','','2026-01-15 13:24:36'),(3518,192,905,'alpa','','2026-01-15 13:24:36'),(3519,192,906,'alpa','','2026-01-15 13:24:36'),(3520,192,917,'alpa','','2026-01-15 13:24:36'),(3521,192,919,'hadir','','2026-01-15 13:24:36'),(3522,192,922,'alpa','','2026-01-15 13:24:36'),(3523,192,925,'hadir','','2026-01-15 13:24:36'),(3524,192,937,'alpa','','2026-01-15 13:24:36'),(3525,192,938,'alpa','','2026-01-15 13:24:36'),(3526,192,942,'hadir','','2026-01-15 13:24:36'),(3527,192,947,'hadir','','2026-01-15 13:24:36'),(3528,192,948,'alpa','','2026-01-15 13:24:36'),(3529,192,973,'alpa','','2026-01-15 13:24:36'),(3530,192,976,'hadir','','2026-01-15 13:24:36'),(3531,192,981,'hadir','','2026-01-15 13:24:36'),(3532,192,996,'alpa','','2026-01-15 13:24:36'),(3533,192,1006,'alpa','','2026-01-15 13:24:36'),(3534,192,1007,'izin','','2026-01-15 13:24:36'),(3535,193,835,'alpa','','2026-01-15 13:26:13'),(3536,193,837,'alpa','','2026-01-15 13:26:13'),(3537,193,838,'hadir','','2026-01-15 13:26:13'),(3538,193,850,'izin','','2026-01-15 13:26:13'),(3539,193,853,'hadir','','2026-01-15 13:26:13'),(3540,193,873,'alpa','','2026-01-15 13:26:13'),(3541,193,874,'hadir','','2026-01-15 13:26:13'),(3542,193,875,'alpa','','2026-01-15 13:26:13'),(3543,193,881,'hadir','','2026-01-15 13:26:13'),(3544,193,888,'hadir','','2026-01-15 13:26:13'),(3545,193,889,'hadir','','2026-01-15 13:26:13'),(3546,193,904,'hadir','','2026-01-15 13:26:13'),(3547,193,914,'hadir','','2026-01-15 13:26:13'),(3548,193,915,'hadir','','2026-01-15 13:26:13'),(3549,193,950,'hadir','','2026-01-15 13:26:13'),(3550,193,959,'hadir','','2026-01-15 13:26:13'),(3551,193,965,'alpa','','2026-01-15 13:26:13'),(3552,193,993,'alpa','','2026-01-15 13:26:13'),(3553,193,1012,'alpa','','2026-01-15 13:26:13'),(3554,194,814,'alpa','','2026-01-15 13:27:00'),(3555,194,817,'alpa','','2026-01-15 13:27:00'),(3556,194,822,'alpa','','2026-01-15 13:27:00'),(3557,194,847,'alpa','','2026-01-15 13:27:00'),(3558,194,876,'hadir','','2026-01-15 13:27:00'),(3559,194,878,'alpa','','2026-01-15 13:27:00'),(3560,194,885,'alpa','','2026-01-15 13:27:00'),(3561,194,893,'alpa','','2026-01-15 13:27:00'),(3562,194,918,'alpa','','2026-01-15 13:27:00'),(3563,194,920,'alpa','','2026-01-15 13:27:00'),(3564,194,926,'alpa','','2026-01-15 13:27:00'),(3565,194,932,'alpa','','2026-01-15 13:27:00'),(3566,194,935,'alpa','','2026-01-15 13:27:00'),(3567,194,986,'hadir','','2026-01-15 13:27:00'),(3568,194,988,'alpa','','2026-01-15 13:27:00'),(3569,194,1011,'alpa','','2026-01-15 13:27:00'),(3570,195,814,'alpa','','2026-01-15 13:28:17'),(3571,195,817,'alpa','','2026-01-15 13:28:17'),(3572,195,822,'alpa','','2026-01-15 13:28:17'),(3573,195,847,'alpa','','2026-01-15 13:28:17'),(3574,195,876,'alpa','','2026-01-15 13:28:17'),(3575,195,878,'alpa','','2026-01-15 13:28:17'),(3576,195,885,'alpa','','2026-01-15 13:28:17'),(3577,195,893,'alpa','','2026-01-15 13:28:17'),(3578,195,918,'alpa','','2026-01-15 13:28:17'),(3579,195,920,'alpa','','2026-01-15 13:28:17'),(3580,195,926,'alpa','','2026-01-15 13:28:17'),(3581,195,932,'alpa','','2026-01-15 13:28:17'),(3582,195,935,'alpa','','2026-01-15 13:28:17'),(3583,195,986,'hadir','','2026-01-15 13:28:17'),(3584,195,988,'alpa','','2026-01-15 13:28:17'),(3585,195,1011,'alpa','','2026-01-15 13:28:17'),(3586,196,814,'alpa','','2026-01-15 13:30:08'),(3587,196,817,'alpa','','2026-01-15 13:30:08'),(3588,196,822,'hadir','','2026-01-15 13:30:08'),(3589,196,847,'alpa','','2026-01-15 13:30:08'),(3590,196,876,'hadir','','2026-01-15 13:30:08'),(3591,196,878,'alpa','','2026-01-15 13:30:08'),(3592,196,885,'alpa','','2026-01-15 13:30:08'),(3593,196,893,'alpa','','2026-01-15 13:30:08'),(3594,196,918,'hadir','','2026-01-15 13:30:08'),(3595,196,920,'hadir','','2026-01-15 13:30:08'),(3596,196,926,'hadir','','2026-01-15 13:30:08'),(3597,196,932,'alpa','','2026-01-15 13:30:08'),(3598,196,935,'alpa','','2026-01-15 13:30:08'),(3599,196,986,'hadir','','2026-01-15 13:30:08'),(3600,196,988,'alpa','','2026-01-15 13:30:08'),(3601,196,1011,'alpa','','2026-01-15 13:30:08'),(3602,197,848,'alpa','','2026-01-15 13:31:59'),(3603,197,857,'hadir','','2026-01-15 13:31:59'),(3604,197,870,'alpa','','2026-01-15 13:31:59'),(3605,197,905,'alpa','','2026-01-15 13:31:59'),(3606,197,906,'alpa','','2026-01-15 13:31:59'),(3607,197,917,'alpa','','2026-01-15 13:31:59'),(3608,197,919,'hadir','','2026-01-15 13:31:59'),(3609,197,922,'alpa','','2026-01-15 13:31:59'),(3610,197,925,'hadir','','2026-01-15 13:31:59'),(3611,197,937,'alpa','','2026-01-15 13:31:59'),(3612,197,938,'alpa','','2026-01-15 13:31:59'),(3613,197,942,'hadir','','2026-01-15 13:31:59'),(3614,197,947,'hadir','','2026-01-15 13:31:59'),(3615,197,948,'alpa','','2026-01-15 13:31:59'),(3616,197,973,'alpa','','2026-01-15 13:31:59'),(3617,197,976,'hadir','','2026-01-15 13:31:59'),(3618,197,981,'alpa','','2026-01-15 13:31:59'),(3619,197,996,'alpa','','2026-01-15 13:31:59'),(3620,197,1006,'alpa','','2026-01-15 13:31:59'),(3621,197,1007,'hadir','','2026-01-15 13:31:59'),(3622,198,814,'alpa','','2026-01-15 13:34:14'),(3623,198,817,'alpa','','2026-01-15 13:34:14'),(3624,198,822,'hadir','','2026-01-15 13:34:14'),(3625,198,847,'alpa','','2026-01-15 13:34:14'),(3626,198,876,'hadir','','2026-01-15 13:34:14'),(3627,198,878,'alpa','','2026-01-15 13:34:14'),(3628,198,885,'alpa','','2026-01-15 13:34:14'),(3629,198,893,'alpa','','2026-01-15 13:34:14'),(3630,198,918,'alpa','','2026-01-15 13:34:14'),(3631,198,920,'hadir','','2026-01-15 13:34:14'),(3632,198,926,'alpa','','2026-01-15 13:34:14'),(3633,198,932,'hadir','','2026-01-15 13:34:14'),(3634,198,935,'alpa','','2026-01-15 13:34:14'),(3635,198,986,'hadir','','2026-01-15 13:34:14'),(3636,198,988,'alpa','','2026-01-15 13:34:14'),(3637,198,1011,'alpa','','2026-01-15 13:34:14'),(3638,199,848,'alpa','','2026-01-15 13:36:33'),(3639,199,857,'alpa','','2026-01-15 13:36:33'),(3640,199,870,'alpa','','2026-01-15 13:36:33'),(3641,199,905,'alpa','','2026-01-15 13:36:33'),(3642,199,906,'alpa','','2026-01-15 13:36:33'),(3643,199,917,'alpa','','2026-01-15 13:36:33'),(3644,199,919,'alpa','','2026-01-15 13:36:33'),(3645,199,922,'alpa','','2026-01-15 13:36:33'),(3646,199,925,'alpa','','2026-01-15 13:36:33'),(3647,199,937,'alpa','','2026-01-15 13:36:33'),(3648,199,938,'alpa','','2026-01-15 13:36:33'),(3649,199,942,'alpa','','2026-01-15 13:36:33'),(3650,199,947,'hadir','','2026-01-15 13:36:33'),(3651,199,948,'alpa','','2026-01-15 13:36:33'),(3652,199,973,'alpa','','2026-01-15 13:36:33'),(3653,199,976,'alpa','','2026-01-15 13:36:33'),(3654,199,981,'alpa','','2026-01-15 13:36:33'),(3655,199,996,'alpa','','2026-01-15 13:36:33'),(3656,199,1006,'alpa','','2026-01-15 13:36:33'),(3657,199,1007,'hadir','','2026-01-15 13:36:33'),(3658,200,835,'alpa','','2026-01-15 13:50:59'),(3659,200,837,'alpa','','2026-01-15 13:50:59'),(3660,200,838,'hadir','','2026-01-15 13:50:59'),(3661,200,850,'alpa','','2026-01-15 13:50:59'),(3662,200,853,'hadir','','2026-01-15 13:50:59'),(3663,200,873,'alpa','','2026-01-15 13:50:59'),(3664,200,874,'hadir','','2026-01-15 13:50:59'),(3665,200,875,'alpa','','2026-01-15 13:50:59'),(3666,200,881,'hadir','','2026-01-15 13:50:59'),(3667,200,888,'hadir','','2026-01-15 13:50:59'),(3668,200,889,'hadir','','2026-01-15 13:50:59'),(3669,200,904,'hadir','','2026-01-15 13:50:59'),(3670,200,914,'hadir','','2026-01-15 13:50:59'),(3671,200,915,'izin','','2026-01-15 13:50:59'),(3672,200,950,'hadir','','2026-01-15 13:50:59'),(3673,200,959,'hadir','','2026-01-15 13:50:59'),(3674,200,965,'alpa','','2026-01-15 13:50:59'),(3675,200,993,'alpa','','2026-01-15 13:50:59'),(3676,200,1012,'hadir','','2026-01-15 13:50:59'),(3677,201,819,'alpa','','2026-01-15 14:15:33'),(3678,201,825,'hadir','','2026-01-15 14:15:33'),(3679,201,826,'alpa','','2026-01-15 14:15:33'),(3680,201,827,'alpa','','2026-01-15 14:15:33'),(3681,201,832,'alpa','','2026-01-15 14:15:33'),(3682,201,861,'hadir','','2026-01-15 14:15:33'),(3683,201,866,'hadir','','2026-01-15 14:15:33'),(3684,201,907,'sakit','','2026-01-15 14:15:33'),(3685,201,912,'hadir','','2026-01-15 14:15:33'),(3686,201,944,'hadir','','2026-01-15 14:15:33'),(3687,201,957,'hadir','','2026-01-15 14:15:33'),(3688,201,961,'hadir','','2026-01-15 14:15:33'),(3689,201,962,'alpa','','2026-01-15 14:15:33'),(3690,201,964,'hadir','','2026-01-15 14:15:33'),(3691,201,968,'hadir','','2026-01-15 14:15:33'),(3692,201,971,'alpa','','2026-01-15 14:15:33'),(3693,201,974,'hadir','','2026-01-15 14:15:33'),(3694,201,992,'alpa','','2026-01-15 14:15:33'),(3695,201,998,'hadir','','2026-01-15 14:15:33'),(3696,201,1009,'alpa','','2026-01-15 14:15:33'),(3697,202,809,'alpa','','2026-01-15 14:17:30'),(3698,202,813,'alpa','','2026-01-15 14:17:30'),(3699,202,836,'izin','','2026-01-15 14:17:30'),(3700,202,855,'hadir','','2026-01-15 14:17:30'),(3701,202,864,'hadir','','2026-01-15 14:17:30'),(3702,202,869,'izin','','2026-01-15 14:17:30'),(3703,202,883,'izin','','2026-01-15 14:17:30'),(3704,202,887,'alpa','','2026-01-15 14:17:30'),(3705,202,896,'izin','','2026-01-15 14:17:30'),(3706,202,897,'alpa','','2026-01-15 14:17:30'),(3707,202,928,'hadir','','2026-01-15 14:17:30'),(3708,202,940,'alpa','','2026-01-15 14:17:30'),(3709,202,943,'izin','','2026-01-15 14:17:30'),(3710,202,945,'izin','','2026-01-15 14:17:30'),(3711,202,951,'hadir','','2026-01-15 14:17:30'),(3712,202,952,'alpa','','2026-01-15 14:17:30'),(3713,202,977,'hadir','','2026-01-15 14:17:30'),(3714,202,983,'alpa','','2026-01-15 14:17:30'),(3715,202,985,'alpa','','2026-01-15 14:17:30'),(3716,202,999,'hadir','','2026-01-15 14:17:30'),(3717,202,1001,'hadir','','2026-01-15 14:17:30'),(3718,202,1004,'alpa','','2026-01-15 14:17:30'),(3719,203,821,'alpa','','2026-01-15 17:45:08'),(3720,203,833,'hadir','','2026-01-15 17:45:08'),(3721,203,834,'alpa','','2026-01-15 17:45:08'),(3722,203,841,'alpa','','2026-01-15 17:45:08'),(3723,203,843,'alpa','','2026-01-15 17:45:08'),(3724,203,844,'alpa','','2026-01-15 17:45:08'),(3725,203,860,'alpa','','2026-01-15 17:45:08'),(3726,203,877,'alpa','','2026-01-15 17:45:08'),(3727,203,891,'alpa','','2026-01-15 17:45:08'),(3728,203,892,'alpa','','2026-01-15 17:45:08'),(3729,203,921,'alpa','','2026-01-15 17:45:08'),(3730,203,924,'alpa','','2026-01-15 17:45:08'),(3731,203,929,'hadir','','2026-01-15 17:45:08'),(3732,203,939,'alpa','','2026-01-15 17:45:08'),(3733,203,960,'hadir','','2026-01-15 17:45:08'),(3734,203,963,'alpa','','2026-01-15 17:45:08'),(3735,203,1002,'hadir','','2026-01-15 17:45:08'),(3736,203,1005,'hadir','','2026-01-15 17:45:08'),(3737,204,821,'alpa','','2026-01-15 17:50:13'),(3738,204,833,'alpa','','2026-01-15 17:50:13'),(3739,204,834,'alpa','','2026-01-15 17:50:13'),(3740,204,841,'alpa','','2026-01-15 17:50:13'),(3741,204,843,'alpa','','2026-01-15 17:50:13'),(3742,204,844,'alpa','','2026-01-15 17:50:13'),(3743,204,860,'alpa','','2026-01-15 17:50:13'),(3744,204,877,'alpa','','2026-01-15 17:50:13'),(3745,204,891,'alpa','','2026-01-15 17:50:13'),(3746,204,892,'alpa','','2026-01-15 17:50:13'),(3747,204,921,'alpa','','2026-01-15 17:50:13'),(3748,204,924,'alpa','','2026-01-15 17:50:13'),(3749,204,929,'hadir','','2026-01-15 17:50:13'),(3750,204,939,'alpa','','2026-01-15 17:50:13'),(3751,204,960,'sakit','','2026-01-15 17:50:13'),(3752,204,963,'alpa','','2026-01-15 17:50:13'),(3753,204,1002,'hadir','','2026-01-15 17:50:13'),(3754,204,1005,'hadir','','2026-01-15 17:50:13'),(3755,205,814,'alpa','','2026-01-15 18:10:12'),(3756,205,817,'alpa','','2026-01-15 18:10:12'),(3757,205,822,'alpa','','2026-01-15 18:10:12'),(3758,205,847,'alpa','','2026-01-15 18:10:12'),(3759,205,876,'hadir','','2026-01-15 18:10:12'),(3760,205,878,'alpa','','2026-01-15 18:10:12'),(3761,205,885,'alpa','','2026-01-15 18:10:12'),(3762,205,893,'alpa','','2026-01-15 18:10:12'),(3763,205,918,'alpa','','2026-01-15 18:10:12'),(3764,205,920,'alpa','','2026-01-15 18:10:12'),(3765,205,926,'alpa','','2026-01-15 18:10:12'),(3766,205,932,'alpa','','2026-01-15 18:10:12'),(3767,205,935,'alpa','','2026-01-15 18:10:12'),(3768,205,986,'hadir','','2026-01-15 18:10:12'),(3769,205,988,'alpa','','2026-01-15 18:10:12'),(3770,205,1011,'alpa','','2026-01-15 18:10:12'),(3771,206,812,'alpa','','2026-01-17 05:52:14'),(3772,206,846,'alpa','','2026-01-17 05:52:14'),(3773,206,849,'alpa','','2026-01-17 05:52:14'),(3774,206,851,'hadir','','2026-01-17 05:52:14'),(3775,206,858,'hadir','','2026-01-17 05:52:14'),(3776,206,859,'hadir','','2026-01-17 05:52:14'),(3777,206,863,'alpa','','2026-01-17 05:52:14'),(3778,206,884,'hadir','','2026-01-17 05:52:14'),(3779,206,894,'alpa','','2026-01-17 05:52:14'),(3780,206,902,'hadir','','2026-01-17 05:52:14'),(3781,206,903,'alpa','','2026-01-17 05:52:14'),(3782,206,913,'alpa','','2026-01-17 05:52:14'),(3783,206,927,'alpa','','2026-01-17 05:52:14'),(3784,206,936,'alpa','','2026-01-17 05:52:14'),(3785,206,955,'hadir','','2026-01-17 05:52:14'),(3786,206,966,'hadir','','2026-01-17 05:52:14'),(3787,206,967,'hadir','','2026-01-17 05:52:14'),(3788,206,972,'alpa','','2026-01-17 05:52:14'),(3789,206,989,'alpa','','2026-01-17 05:52:14'),(3790,206,994,'alpa','','2026-01-17 05:52:14'),(3791,206,1010,'hadir','','2026-01-17 05:52:14'),(3792,207,812,'hadir','','2026-01-17 06:37:10'),(3793,207,846,'hadir','','2026-01-17 06:37:10'),(3794,207,849,'alpa','','2026-01-17 06:37:10'),(3795,207,851,'alpa','','2026-01-17 06:37:10'),(3796,207,858,'hadir','','2026-01-17 06:37:10'),(3797,207,859,'hadir','','2026-01-17 06:37:10'),(3798,207,863,'hadir','','2026-01-17 06:37:10'),(3799,207,884,'hadir','','2026-01-17 06:37:10'),(3800,207,894,'alpa','','2026-01-17 06:37:10'),(3801,207,902,'hadir','','2026-01-17 06:37:10'),(3802,207,903,'hadir','','2026-01-17 06:37:10'),(3803,207,913,'alpa','','2026-01-17 06:37:10'),(3804,207,927,'alpa','','2026-01-17 06:37:10'),(3805,207,936,'alpa','','2026-01-17 06:37:10'),(3806,207,955,'hadir','','2026-01-17 06:37:10'),(3807,207,966,'hadir','','2026-01-17 06:37:10'),(3808,207,967,'hadir','','2026-01-17 06:37:10'),(3809,207,972,'alpa','','2026-01-17 06:37:10'),(3810,207,989,'hadir','','2026-01-17 06:37:10'),(3811,207,994,'alpa','','2026-01-17 06:37:10'),(3812,207,1010,'hadir','','2026-01-17 06:37:10'),(3813,208,821,'alpa','','2026-01-17 06:42:53'),(3814,208,833,'alpa','','2026-01-17 06:42:53'),(3815,208,834,'alpa','','2026-01-17 06:42:53'),(3816,208,841,'alpa','','2026-01-17 06:42:53'),(3817,208,843,'alpa','','2026-01-17 06:42:53'),(3818,208,844,'alpa','','2026-01-17 06:42:53'),(3819,208,860,'alpa','','2026-01-17 06:42:53'),(3820,208,877,'alpa','','2026-01-17 06:42:53'),(3821,208,891,'alpa','','2026-01-17 06:42:53'),(3822,208,892,'alpa','','2026-01-17 06:42:53'),(3823,208,921,'alpa','','2026-01-17 06:42:53'),(3824,208,924,'alpa','','2026-01-17 06:42:53'),(3825,208,929,'hadir','','2026-01-17 06:42:53'),(3826,208,939,'alpa','','2026-01-17 06:42:53'),(3827,208,960,'hadir','','2026-01-17 06:42:53'),(3828,208,963,'alpa','','2026-01-17 06:42:53'),(3829,208,1002,'hadir','','2026-01-17 06:42:53'),(3830,208,1005,'hadir','','2026-01-17 06:42:53'),(3831,209,823,'alpa','','2026-01-17 08:10:21'),(3832,209,830,'alpa','','2026-01-17 08:10:21'),(3833,209,856,'alpa','','2026-01-17 08:10:21'),(3834,209,895,'alpa','','2026-01-17 08:10:21'),(3835,209,909,'alpa','','2026-01-17 08:10:21'),(3836,209,916,'alpa','','2026-01-17 08:10:21'),(3837,209,923,'alpa','','2026-01-17 08:10:21'),(3838,209,933,'alpa','','2026-01-17 08:10:21'),(3839,209,953,'hadir','','2026-01-17 08:10:21'),(3840,209,956,'hadir','','2026-01-17 08:10:21'),(3841,209,975,'alpa','','2026-01-17 08:10:21'),(3842,209,997,'alpa','','2026-01-17 08:10:21'),(3843,210,835,'alpa','','2026-01-17 08:18:04'),(3844,210,837,'alpa','','2026-01-17 08:18:04'),(3845,210,838,'hadir','','2026-01-17 08:18:04'),(3846,210,850,'alpa','','2026-01-17 08:18:04'),(3847,210,853,'hadir','','2026-01-17 08:18:04'),(3848,210,873,'alpa','','2026-01-17 08:18:04'),(3849,210,874,'hadir','','2026-01-17 08:18:04'),(3850,210,875,'izin','Bantu org tua','2026-01-17 08:18:04'),(3851,210,881,'hadir','','2026-01-17 08:18:04'),(3852,210,888,'hadir','','2026-01-17 08:18:04'),(3853,210,889,'hadir','','2026-01-17 08:18:04'),(3854,210,904,'hadir','','2026-01-17 08:18:04'),(3855,210,914,'hadir','','2026-01-17 08:18:04'),(3856,210,915,'hadir','','2026-01-17 08:18:04'),(3857,210,950,'hadir','','2026-01-17 08:18:04'),(3858,210,959,'hadir','','2026-01-17 08:18:04'),(3859,210,965,'alpa','','2026-01-17 08:18:04'),(3860,210,993,'alpa','','2026-01-17 08:18:04'),(3861,210,1012,'hadir','','2026-01-17 08:18:04'),(3862,211,815,'alpa','','2026-01-17 08:23:20'),(3863,211,816,'hadir','','2026-01-17 08:23:20'),(3864,211,820,'hadir','','2026-01-17 08:23:20'),(3865,211,828,'alpa','','2026-01-17 08:23:20'),(3866,211,829,'alpa','','2026-01-17 08:23:20'),(3867,211,852,'hadir','','2026-01-17 08:23:20'),(3868,211,867,'alpa','','2026-01-17 08:23:20'),(3869,211,868,'alpa','','2026-01-17 08:23:20'),(3870,211,871,'hadir','','2026-01-17 08:23:20'),(3871,211,879,'hadir','','2026-01-17 08:23:20'),(3872,211,882,'hadir','','2026-01-17 08:23:20'),(3873,211,899,'hadir','','2026-01-17 08:23:20'),(3874,211,901,'hadir','','2026-01-17 08:23:20'),(3875,211,911,'alpa','','2026-01-17 08:23:20'),(3876,211,931,'alpa','','2026-01-17 08:23:20'),(3877,211,934,'alpa','','2026-01-17 08:23:20'),(3878,211,941,'alpa','','2026-01-17 08:23:20'),(3879,211,954,'alpa','','2026-01-17 08:23:20'),(3880,211,978,'alpa','','2026-01-17 08:23:20'),(3881,211,980,'hadir','','2026-01-17 08:23:20'),(3882,211,1003,'alpa','','2026-01-17 08:23:20'),(3883,212,811,'hadir','','2026-01-17 08:27:46'),(3884,212,839,'hadir','','2026-01-17 08:27:46'),(3885,212,842,'hadir','','2026-01-17 08:27:46'),(3886,212,872,'alpa','','2026-01-17 08:27:46'),(3887,212,890,'alpa','','2026-01-17 08:27:46'),(3888,212,898,'alpa','','2026-01-17 08:27:46'),(3889,212,900,'hadir','','2026-01-17 08:27:46'),(3890,212,910,'alpa','','2026-01-17 08:27:46'),(3891,212,930,'hadir','','2026-01-17 08:27:46'),(3892,212,949,'hadir','','2026-01-17 08:27:46'),(3893,212,984,'sakit','','2026-01-17 08:27:46'),(3894,212,990,'hadir','','2026-01-17 08:27:46'),(3895,212,995,'hadir','','2026-01-17 08:27:46'),(3896,212,1000,'hadir','','2026-01-17 08:27:46'),(3897,212,1008,'hadir','','2026-01-17 08:27:46'),(3898,213,810,'alpa','','2026-01-17 08:31:41'),(3899,213,818,'alpa','','2026-01-17 08:31:41'),(3900,213,824,'alpa','','2026-01-17 08:31:41'),(3901,213,831,'hadir','','2026-01-17 08:31:41'),(3902,213,840,'alpa','','2026-01-17 08:31:41'),(3903,213,845,'alpa','','2026-01-17 08:31:41'),(3904,213,854,'alpa','','2026-01-17 08:31:41'),(3905,213,862,'alpa','','2026-01-17 08:31:41'),(3906,213,865,'hadir','','2026-01-17 08:31:41'),(3907,213,880,'hadir','','2026-01-17 08:31:41'),(3908,213,886,'alpa','','2026-01-17 08:31:41'),(3909,213,908,'hadir','','2026-01-17 08:31:41'),(3910,213,946,'hadir','','2026-01-17 08:31:41'),(3911,213,958,'hadir','','2026-01-17 08:31:41'),(3912,213,969,'alpa','','2026-01-17 08:31:41'),(3913,213,970,'alpa','','2026-01-17 08:31:41'),(3914,213,979,'hadir','','2026-01-17 08:31:41'),(3915,213,982,'hadir','','2026-01-17 08:31:41'),(3916,213,987,'hadir','','2026-01-17 08:31:41'),(3917,213,991,'hadir','','2026-01-17 08:31:41'),(3918,214,819,'alpa','','2026-01-17 08:35:43'),(3919,214,825,'hadir','','2026-01-17 08:35:43'),(3920,214,826,'hadir','','2026-01-17 08:35:43'),(3921,214,827,'hadir','','2026-01-17 08:35:43'),(3922,214,832,'alpa','','2026-01-17 08:35:43'),(3923,214,861,'hadir','','2026-01-17 08:35:43'),(3924,214,866,'hadir','','2026-01-17 08:35:43'),(3925,214,907,'hadir','','2026-01-17 08:35:43'),(3926,214,912,'hadir','','2026-01-17 08:35:43'),(3927,214,944,'hadir','','2026-01-17 08:35:43'),(3928,214,957,'hadir','','2026-01-17 08:35:43'),(3929,214,961,'hadir','','2026-01-17 08:35:43'),(3930,214,962,'alpa','','2026-01-17 08:35:43'),(3931,214,964,'hadir','','2026-01-17 08:35:43'),(3932,214,968,'hadir','','2026-01-17 08:35:43'),(3933,214,971,'hadir','','2026-01-17 08:35:43'),(3934,214,974,'alpa','','2026-01-17 08:35:43'),(3935,214,992,'alpa','','2026-01-17 08:35:43'),(3936,214,998,'hadir','','2026-01-17 08:35:43'),(3937,214,1009,'alpa','','2026-01-17 08:35:43'),(3938,215,821,'alpa','','2026-01-17 08:45:49'),(3939,215,833,'alpa','','2026-01-17 08:45:49'),(3940,215,834,'alpa','','2026-01-17 08:45:49'),(3941,215,841,'alpa','','2026-01-17 08:45:49'),(3942,215,843,'alpa','','2026-01-17 08:45:49'),(3943,215,844,'alpa','','2026-01-17 08:45:49'),(3944,215,860,'alpa','','2026-01-17 08:45:49'),(3945,215,877,'alpa','','2026-01-17 08:45:49'),(3946,215,891,'alpa','','2026-01-17 08:45:49'),(3947,215,892,'alpa','','2026-01-17 08:45:49'),(3948,215,921,'alpa','','2026-01-17 08:45:49'),(3949,215,924,'alpa','','2026-01-17 08:45:49'),(3950,215,929,'hadir','','2026-01-17 08:45:49'),(3951,215,939,'alpa','','2026-01-17 08:45:49'),(3952,215,960,'hadir','','2026-01-17 08:45:49'),(3953,215,963,'alpa','','2026-01-17 08:45:49'),(3954,215,1002,'hadir','','2026-01-17 08:45:49'),(3955,215,1005,'hadir','','2026-01-17 08:45:49'),(3956,216,823,'alpa','','2026-01-17 08:48:40'),(3957,216,830,'alpa','','2026-01-17 08:48:40'),(3958,216,856,'alpa','','2026-01-17 08:48:40'),(3959,216,895,'alpa','','2026-01-17 08:48:40'),(3960,216,909,'alpa','','2026-01-17 08:48:40'),(3961,216,916,'alpa','','2026-01-17 08:48:40'),(3962,216,923,'alpa','','2026-01-17 08:48:40'),(3963,216,933,'alpa','','2026-01-17 08:48:40'),(3964,216,953,'hadir','','2026-01-17 08:48:40'),(3965,216,956,'hadir','','2026-01-17 08:48:40'),(3966,216,975,'alpa','','2026-01-17 08:48:40'),(3967,216,997,'alpa','','2026-01-17 08:48:40'),(3968,217,835,'alpa','','2026-01-17 08:58:34'),(3969,217,837,'alpa','','2026-01-17 08:58:34'),(3970,217,838,'hadir','','2026-01-17 08:58:34'),(3971,217,850,'alpa','','2026-01-17 08:58:34'),(3972,217,853,'hadir','','2026-01-17 08:58:34'),(3973,217,873,'alpa','','2026-01-17 08:58:34'),(3974,217,874,'hadir','','2026-01-17 08:58:34'),(3975,217,875,'alpa','','2026-01-17 08:58:34'),(3976,217,881,'hadir','','2026-01-17 08:58:34'),(3977,217,888,'hadir','','2026-01-17 08:58:34'),(3978,217,889,'hadir','','2026-01-17 08:58:34'),(3979,217,904,'hadir','','2026-01-17 08:58:34'),(3980,217,914,'hadir','','2026-01-17 08:58:34'),(3981,217,915,'hadir','','2026-01-17 08:58:34'),(3982,217,950,'hadir','','2026-01-17 08:58:34'),(3983,217,959,'hadir','','2026-01-17 08:58:34'),(3984,217,965,'hadir','','2026-01-17 08:58:34'),(3985,217,993,'alpa','','2026-01-17 08:58:34'),(3986,217,1012,'hadir','','2026-01-17 08:58:34'),(3987,218,815,'alpa','','2026-01-17 09:02:10'),(3988,218,816,'hadir','','2026-01-17 09:02:10'),(3989,218,820,'hadir','','2026-01-17 09:02:10'),(3990,218,828,'alpa','','2026-01-17 09:02:10'),(3991,218,829,'alpa','','2026-01-17 09:02:10'),(3992,218,852,'alpa','','2026-01-17 09:02:10'),(3993,218,867,'alpa','','2026-01-17 09:02:10'),(3994,218,868,'alpa','','2026-01-17 09:02:10'),(3995,218,871,'hadir','','2026-01-17 09:02:10'),(3996,218,879,'hadir','','2026-01-17 09:02:10'),(3997,218,882,'hadir','','2026-01-17 09:02:10'),(3998,218,899,'hadir','','2026-01-17 09:02:10'),(3999,218,901,'hadir','','2026-01-17 09:02:10'),(4000,218,911,'alpa','','2026-01-17 09:02:10'),(4001,218,931,'alpa','','2026-01-17 09:02:10'),(4002,218,934,'alpa','','2026-01-17 09:02:10'),(4003,218,941,'alpa','','2026-01-17 09:02:10'),(4004,218,954,'alpa','','2026-01-17 09:02:10'),(4005,218,978,'alpa','','2026-01-17 09:02:10'),(4006,218,980,'hadir','','2026-01-17 09:02:10'),(4007,218,1003,'alpa','','2026-01-17 09:02:10'),(4029,220,848,'alpa','','2026-01-17 16:15:37'),(4030,220,857,'hadir','','2026-01-17 16:15:37'),(4031,220,870,'alpa','','2026-01-17 16:15:37'),(4032,220,905,'alpa','','2026-01-17 16:15:37'),(4033,220,906,'alpa','','2026-01-17 16:15:37'),(4034,220,917,'alpa','','2026-01-17 16:15:37'),(4035,220,919,'hadir','','2026-01-17 16:15:37'),(4036,220,922,'alpa','','2026-01-17 16:15:37'),(4037,220,925,'hadir','','2026-01-17 16:15:37'),(4038,220,937,'alpa','','2026-01-17 16:15:37'),(4039,220,938,'alpa','','2026-01-17 16:15:37'),(4040,220,942,'alpa','','2026-01-17 16:15:37'),(4041,220,947,'hadir','','2026-01-17 16:15:37'),(4042,220,948,'alpa','','2026-01-17 16:15:37'),(4043,220,973,'alpa','','2026-01-17 16:15:37'),(4044,220,976,'hadir','','2026-01-17 16:15:37'),(4045,220,981,'alpa','','2026-01-17 16:15:37'),(4046,220,996,'alpa','','2026-01-17 16:15:37'),(4047,220,1006,'alpa','','2026-01-17 16:15:37'),(4048,220,1007,'hadir','','2026-01-17 16:15:37'),(4049,221,821,'alpa','','2026-01-17 16:23:25'),(4050,221,833,'alpa','','2026-01-17 16:23:25'),(4051,221,834,'alpa','','2026-01-17 16:23:25'),(4052,221,841,'alpa','','2026-01-17 16:23:25'),(4053,221,843,'alpa','','2026-01-17 16:23:25'),(4054,221,844,'alpa','','2026-01-17 16:23:25'),(4055,221,860,'alpa','','2026-01-17 16:23:25'),(4056,221,877,'alpa','','2026-01-17 16:23:25'),(4057,221,891,'hadir','','2026-01-17 16:23:25'),(4058,221,892,'alpa','','2026-01-17 16:23:25'),(4059,221,921,'alpa','','2026-01-17 16:23:25'),(4060,221,924,'alpa','','2026-01-17 16:23:25'),(4061,221,929,'hadir','','2026-01-17 16:23:25'),(4062,221,939,'alpa','','2026-01-17 16:23:25'),(4063,221,960,'hadir','','2026-01-17 16:23:25'),(4064,221,963,'alpa','','2026-01-17 16:23:25'),(4065,221,1002,'hadir','','2026-01-17 16:23:25'),(4066,221,1005,'hadir','','2026-01-17 16:23:25'),(4067,222,814,'alpa','','2026-01-17 16:27:36'),(4068,222,817,'alpa','','2026-01-17 16:27:36'),(4069,222,822,'hadir','','2026-01-17 16:27:36'),(4070,222,847,'alpa','','2026-01-17 16:27:36'),(4071,222,876,'izin','','2026-01-17 16:27:36'),(4072,222,878,'alpa','','2026-01-17 16:27:36'),(4073,222,885,'hadir','','2026-01-17 16:27:36'),(4074,222,893,'alpa','','2026-01-17 16:27:36'),(4075,222,918,'alpa','','2026-01-17 16:27:36'),(4076,222,920,'alpa','','2026-01-17 16:27:36'),(4077,222,926,'hadir','','2026-01-17 16:27:36'),(4078,222,932,'alpa','','2026-01-17 16:27:36'),(4079,222,935,'hadir','','2026-01-17 16:27:36'),(4080,222,986,'hadir','','2026-01-17 16:27:36'),(4081,222,988,'alpa','','2026-01-17 16:27:36'),(4082,222,1011,'alpa','','2026-01-17 16:27:36'),(4083,223,809,'alpa','','2026-01-17 16:32:06'),(4084,223,813,'hadir','','2026-01-17 16:32:06'),(4085,223,836,'alpa','','2026-01-17 16:32:06'),(4086,223,855,'hadir','','2026-01-17 16:32:06'),(4087,223,864,'hadir','','2026-01-17 16:32:06'),(4088,223,869,'izin','','2026-01-17 16:32:06'),(4089,223,883,'izin','','2026-01-17 16:32:06'),(4090,223,887,'alpa','','2026-01-17 16:32:06'),(4091,223,896,'alpa','','2026-01-17 16:32:06'),(4092,223,897,'alpa','','2026-01-17 16:32:06'),(4093,223,928,'hadir','','2026-01-17 16:32:06'),(4094,223,940,'alpa','','2026-01-17 16:32:06'),(4095,223,943,'hadir','','2026-01-17 16:32:06'),(4096,223,945,'hadir','','2026-01-17 16:32:06'),(4097,223,951,'hadir','','2026-01-17 16:32:06'),(4098,223,952,'alpa','','2026-01-17 16:32:06'),(4099,223,977,'hadir','','2026-01-17 16:32:06'),(4100,223,983,'alpa','','2026-01-17 16:32:06'),(4101,223,985,'alpa','','2026-01-17 16:32:06'),(4102,223,999,'hadir','','2026-01-17 16:32:06'),(4103,223,1001,'hadir','','2026-01-17 16:32:06'),(4104,223,1004,'hadir','','2026-01-17 16:32:06'),(4105,224,823,'alpa','','2026-01-17 16:34:52'),(4106,224,830,'alpa','','2026-01-17 16:34:52'),(4107,224,856,'alpa','','2026-01-17 16:34:52'),(4108,224,895,'alpa','','2026-01-17 16:34:52'),(4109,224,909,'alpa','','2026-01-17 16:34:52'),(4110,224,916,'alpa','','2026-01-17 16:34:52'),(4111,224,923,'alpa','','2026-01-17 16:34:52'),(4112,224,933,'hadir','','2026-01-17 16:34:52'),(4113,224,953,'hadir','','2026-01-17 16:34:52'),(4114,224,956,'hadir','','2026-01-17 16:34:52'),(4115,224,975,'alpa','','2026-01-17 16:34:52'),(4116,224,997,'alpa','','2026-01-17 16:34:52'),(4117,225,812,'alpa','','2026-01-19 14:56:02'),(4118,225,846,'sakit','','2026-01-19 14:56:02'),(4119,225,849,'alpa','','2026-01-19 14:56:02'),(4120,225,851,'alpa','','2026-01-19 14:56:02'),(4121,225,858,'hadir','','2026-01-19 14:56:02'),(4122,225,859,'hadir','','2026-01-19 14:56:02'),(4123,225,863,'alpa','','2026-01-19 14:56:02'),(4124,225,884,'hadir','','2026-01-19 14:56:02'),(4125,225,894,'alpa','','2026-01-19 14:56:02'),(4126,225,902,'hadir','','2026-01-19 14:56:02'),(4127,225,903,'alpa','','2026-01-19 14:56:02'),(4128,225,913,'alpa','','2026-01-19 14:56:02'),(4129,225,927,'alpa','','2026-01-19 14:56:02'),(4130,225,936,'alpa','','2026-01-19 14:56:02'),(4131,225,955,'alpa','','2026-01-19 14:56:02'),(4132,225,966,'alpa','','2026-01-19 14:56:02'),(4133,225,967,'hadir','','2026-01-19 14:56:02'),(4134,225,972,'alpa','','2026-01-19 14:56:02'),(4135,225,989,'alpa','','2026-01-19 14:56:02'),(4136,225,994,'alpa','','2026-01-19 14:56:02'),(4137,225,1010,'alpa','','2026-01-19 14:56:02'),(4138,226,812,'alpa','','2026-01-19 14:59:31'),(4139,226,846,'hadir','','2026-01-19 14:59:31'),(4140,226,849,'alpa','','2026-01-19 14:59:31'),(4141,226,851,'alpa','','2026-01-19 14:59:31'),(4142,226,858,'hadir','','2026-01-19 14:59:31'),(4143,226,859,'hadir','','2026-01-19 14:59:31'),(4144,226,863,'hadir','','2026-01-19 14:59:31'),(4145,226,884,'hadir','','2026-01-19 14:59:31'),(4146,226,894,'alpa','','2026-01-19 14:59:31'),(4147,226,902,'hadir','','2026-01-19 14:59:31'),(4148,226,903,'hadir','','2026-01-19 14:59:31'),(4149,226,913,'alpa','','2026-01-19 14:59:31'),(4150,226,927,'alpa','','2026-01-19 14:59:31'),(4151,226,936,'sakit','','2026-01-19 14:59:31'),(4152,226,955,'hadir','','2026-01-19 14:59:31'),(4153,226,966,'hadir','','2026-01-19 14:59:31'),(4154,226,967,'hadir','','2026-01-19 14:59:31'),(4155,226,972,'alpa','','2026-01-19 14:59:31'),(4156,226,989,'hadir','','2026-01-19 14:59:31'),(4157,226,994,'alpa','','2026-01-19 14:59:31'),(4158,226,1010,'alpa','','2026-01-19 14:59:31'),(4159,227,815,'hadir','','2026-01-19 15:14:17'),(4160,227,816,'hadir','','2026-01-19 15:14:17'),(4161,227,820,'hadir','','2026-01-19 15:14:17'),(4162,227,828,'hadir','','2026-01-19 15:14:17'),(4163,227,829,'hadir','','2026-01-19 15:14:17'),(4164,227,852,'hadir','','2026-01-19 15:14:17'),(4165,227,867,'alpa','','2026-01-19 15:14:17'),(4166,227,868,'alpa','','2026-01-19 15:14:17'),(4167,227,871,'sakit','','2026-01-19 15:14:17'),(4168,227,879,'hadir','','2026-01-19 15:14:17'),(4169,227,882,'hadir','','2026-01-19 15:14:17'),(4170,227,899,'hadir','','2026-01-19 15:14:17'),(4171,227,901,'hadir','','2026-01-19 15:14:17'),(4172,227,911,'alpa','','2026-01-19 15:14:17'),(4173,227,931,'izin','','2026-01-19 15:14:17'),(4174,227,934,'hadir','','2026-01-19 15:14:17'),(4175,227,941,'hadir','','2026-01-19 15:14:17'),(4176,227,954,'hadir','','2026-01-19 15:14:17'),(4177,227,978,'hadir','','2026-01-19 15:14:17'),(4178,227,980,'hadir','','2026-01-19 15:14:17'),(4179,227,1003,'alpa','','2026-01-19 15:14:17');
/*!40000 ALTER TABLE `absensi_detail` ENABLE KEYS */;
UNLOCK TABLES;

--
-- Table structure for table `guru`
--

DROP TABLE IF EXISTS `guru`;
/*!40101 SET @saved_cs_client     = @@character_set_client */;
/*!40101 SET character_set_client = utf8 */;
CREATE TABLE `guru` (
  `id` int(11) unsigned NOT NULL AUTO_INCREMENT,
  `user_id` int(11) unsigned NOT NULL,
  `nip` varchar(20) NOT NULL,
  `nama_lengkap` varchar(100) NOT NULL,
  `jenis_kelamin` enum('L','P') NOT NULL,
  `mata_pelajaran_id` int(11) unsigned DEFAULT NULL,
  `is_wali_kelas` tinyint(1) NOT NULL DEFAULT 0,
  `kelas_id` int(11) unsigned DEFAULT NULL,
  `created_at` datetime DEFAULT NULL,
  PRIMARY KEY (`id`),
  UNIQUE KEY `nip` (`nip`),
  KEY `guru_user_id_foreign` (`user_id`),
  KEY `guru_mata_pelajaran_id_foreign` (`mata_pelajaran_id`),
  KEY `guru_kelas_id_foreign` (`kelas_id`),
  CONSTRAINT `guru_kelas_id_foreign` FOREIGN KEY (`kelas_id`) REFERENCES `kelas` (`id`) ON DELETE SET NULL ON UPDATE SET NULL,
  CONSTRAINT `guru_mata_pelajaran_id_foreign` FOREIGN KEY (`mata_pelajaran_id`) REFERENCES `mata_pelajaran` (`id`) ON DELETE SET NULL ON UPDATE SET NULL,
  CONSTRAINT `guru_user_id_foreign` FOREIGN KEY (`user_id`) REFERENCES `users` (`id`) ON DELETE CASCADE ON UPDATE CASCADE
) ENGINE=InnoDB AUTO_INCREMENT=145 DEFAULT CHARSET=utf8mb4 COLLATE=utf8mb4_general_ci;
/*!40101 SET character_set_client = @saved_cs_client */;

--
-- Dumping data for table `guru`
--

LOCK TABLES `guru` WRITE;
/*!40000 ALTER TABLE `guru` DISABLE KEYS */;
INSERT INTO `guru` VALUES (120,930,'197811222022212008','Marlina, S.Pd, Gr','P',NULL,0,NULL,'2026-01-10 00:16:50'),(121,931,'197701012022212034','A.Nurwanti Marwil, S.T, S.Pd, M.Pd','P',NULL,0,NULL,'2026-01-10 00:16:50'),(122,932,'199306122023211016','Sapril,S.Pd, Gr','L',NULL,0,NULL,'2026-01-10 00:16:50'),(123,933,'198808192023211012','Sulfadli, S.Pd.I, Gr','L',NULL,0,NULL,'2026-01-10 00:16:50'),(124,934,'198901102022212018','Ratna Rasyid, S.Pd, Gr','P',NULL,1,11,'2026-01-10 00:16:50'),(125,935,'199009262024211024','Dirwan Jaya, S.Pd., M.Pd., Gr.','L',11,1,16,'2026-01-10 00:16:50'),(126,936,'199608232023212018','Elite Gizwati Samudry,S.Pd,Gr','P',NULL,0,NULL,'2026-01-10 00:16:50'),(127,937,'199906272022212001','St.Nurhalisah,S.A.P, Gr','P',NULL,1,15,'2026-01-10 00:16:50'),(128,938,'199310232023212052','Marnawati,S.Pd, Gr','P',NULL,1,17,'2026-01-10 00:16:50'),(129,939,'198411282022212022','Andi Cahaya Handayani,S.Pd,M.E','P',NULL,0,NULL,'2026-01-10 00:16:50'),(130,940,'198908282023212035','Titik Sulistiawati,S.Pd, Gr','P',NULL,1,10,'2026-01-10 00:16:50'),(131,941,'198211212022212025','Andi Yulismayasanti,S.Pd','P',NULL,0,NULL,'2026-01-10 00:16:50'),(132,942,'199503092023212036','Rahmi Damayanti Nur Dp,S.Pd, Gr','P',NULL,1,19,'2026-01-10 00:16:50'),(133,943,'198511062022212028','Heriana,S.Pd, Gr','P',NULL,0,NULL,'2026-01-10 00:16:51'),(134,944,'199510112023212044','A.Eva Kusumanegara,S.Pd, Gr','P',NULL,1,13,'2026-01-10 00:16:51'),(135,945,'199404082024212042','Ida Ariani,S.Pd, Gr','P',NULL,1,14,'2026-01-10 00:16:51'),(136,946,'199601012024212063','Rahmawati, S.Sos, Gr','P',NULL,1,12,'2026-01-10 00:16:51'),(137,947,'198903102024212037','Herlina,S.Sos, Gr','P',NULL,0,NULL,'2026-01-10 00:16:51'),(138,948,'199307072023212055','Nur Illang,S.Pd, M.Pd, Gr','P',NULL,0,NULL,'2026-01-10 00:16:51'),(139,949,'199206232025211122','Jufri Adi Ya Fadli,S.Pd, Gr','L',NULL,0,NULL,'2026-01-10 00:16:51'),(140,950,'199807052025211085','Muh.Haris, S.T, Gr','L',NULL,1,20,'2026-01-10 00:16:51'),(141,951,'199009072025212034','Jumiati Enre, S.Pd, Gr','P',NULL,0,NULL,'2026-01-10 00:16:51'),(142,952,'199803052025212097','Sabar Ririsma Riani Lumban Gaol, S.Pd, Gr','P',NULL,0,NULL,'2026-01-10 00:16:51'),(143,953,'199606072025211133','Muh.Yusuf H.Halide,S.Pd, Gr','L',NULL,0,NULL,'2026-01-10 00:16:51'),(144,954,'199207142025212143','Besse Tenri,S.Pd, Gr','P',NULL,1,18,'2026-01-10 00:16:51');
/*!40000 ALTER TABLE `guru` ENABLE KEYS */;
UNLOCK TABLES;

--
-- Table structure for table `izin_siswa`
--

DROP TABLE IF EXISTS `izin_siswa`;
/*!40101 SET @saved_cs_client     = @@character_set_client */;
/*!40101 SET character_set_client = utf8 */;
CREATE TABLE `izin_siswa` (
  `id` int(11) unsigned NOT NULL AUTO_INCREMENT,
  `siswa_id` int(11) unsigned NOT NULL,
  `tanggal` date NOT NULL,
  `jenis_izin` enum('sakit','izin','lainnya') NOT NULL,
  `alasan` text NOT NULL,
  `berkas` varchar(255) DEFAULT NULL,
  `status` enum('pending','disetujui','ditolak') NOT NULL DEFAULT 'pending',
  `disetujui_oleh` int(11) unsigned DEFAULT NULL,
  `catatan` text DEFAULT NULL,
  `created_at` datetime DEFAULT NULL,
  `updated_at` datetime DEFAULT NULL,
  PRIMARY KEY (`id`),
  KEY `izin_siswa_siswa_id_foreign` (`siswa_id`),
  KEY `izin_siswa_disetujui_oleh_foreign` (`disetujui_oleh`),
  CONSTRAINT `izin_siswa_disetujui_oleh_foreign` FOREIGN KEY (`disetujui_oleh`) REFERENCES `users` (`id`) ON DELETE SET NULL,
  CONSTRAINT `izin_siswa_siswa_id_foreign` FOREIGN KEY (`siswa_id`) REFERENCES `siswa` (`id`) ON DELETE CASCADE ON UPDATE CASCADE
) ENGINE=InnoDB AUTO_INCREMENT=6 DEFAULT CHARSET=utf8mb4 COLLATE=utf8mb4_general_ci;
/*!40101 SET character_set_client = @saved_cs_client */;

--
-- Dumping data for table `izin_siswa`
--

LOCK TABLES `izin_siswa` WRITE;
/*!40000 ALTER TABLE `izin_siswa` DISABLE KEYS */;
INSERT INTO `izin_siswa` VALUES (1,815,'2026-01-13','izin','izin saja bu','izin_1768136683_69639febbec59.jpeg','pending',NULL,NULL,NULL,NULL),(2,815,'2026-01-12','izin','izin saja bu','izin_1768136947_6963a0f374af9.jpeg','pending',NULL,NULL,NULL,NULL),(3,815,'2026-01-14','izin','izin ka lagi bu',NULL,'pending',NULL,NULL,NULL,NULL),(4,889,'2026-01-12','izin','membantu orang tua','izin_1768139802_6963ac1a9a430.png','pending',NULL,NULL,NULL,NULL),(5,815,'2026-01-11','izin','izin saja lagi\r\n',NULL,'pending',NULL,NULL,NULL,NULL);
/*!40000 ALTER TABLE `izin_siswa` ENABLE KEYS */;
UNLOCK TABLES;

--
-- Table structure for table `jadwal_mengajar`
--

DROP TABLE IF EXISTS `jadwal_mengajar`;
/*!40101 SET @saved_cs_client     = @@character_set_client */;
/*!40101 SET character_set_client = utf8 */;
CREATE TABLE `jadwal_mengajar` (
  `id` int(11) unsigned NOT NULL AUTO_INCREMENT,
  `guru_id` int(11) unsigned NOT NULL,
  `mata_pelajaran_id` int(11) unsigned NOT NULL,
  `kelas_id` int(11) unsigned NOT NULL,
  `hari` enum('Senin','Selasa','Rabu','Kamis','Jumat','Sabtu','Minggu') NOT NULL,
  `jam_mulai` time NOT NULL,
  `jam_selesai` time NOT NULL,
  `semester` enum('Ganjil','Genap') NOT NULL,
  `tahun_ajaran` varchar(9) NOT NULL,
  `created_at` datetime DEFAULT NULL,
  PRIMARY KEY (`id`),
  KEY `jadwal_mengajar_guru_id_foreign` (`guru_id`),
  KEY `jadwal_mengajar_mata_pelajaran_id_foreign` (`mata_pelajaran_id`),
  KEY `jadwal_mengajar_kelas_id_foreign` (`kelas_id`),
  CONSTRAINT `jadwal_mengajar_guru_id_foreign` FOREIGN KEY (`guru_id`) REFERENCES `guru` (`id`) ON DELETE CASCADE ON UPDATE CASCADE,
  CONSTRAINT `jadwal_mengajar_kelas_id_foreign` FOREIGN KEY (`kelas_id`) REFERENCES `kelas` (`id`) ON DELETE CASCADE ON UPDATE CASCADE,
  CONSTRAINT `jadwal_mengajar_mata_pelajaran_id_foreign` FOREIGN KEY (`mata_pelajaran_id`) REFERENCES `mata_pelajaran` (`id`) ON DELETE CASCADE ON UPDATE CASCADE
) ENGINE=InnoDB AUTO_INCREMENT=205 DEFAULT CHARSET=utf8mb4 COLLATE=utf8mb4_general_ci;
/*!40101 SET character_set_client = @saved_cs_client */;

--
-- Dumping data for table `jadwal_mengajar`
--

LOCK TABLES `jadwal_mengajar` WRITE;
/*!40000 ALTER TABLE `jadwal_mengajar` DISABLE KEYS */;
INSERT INTO `jadwal_mengajar` VALUES (12,121,7,11,'Selasa','13:30:00','15:45:00','Genap','2025/2026','2026-01-10 02:31:32'),(13,121,7,11,'Jumat','08:00:00','10:15:00','Genap','2025/2026','2026-01-10 03:09:58'),(14,121,7,20,'Selasa','10:30:00','12:00:00','Genap','2025/2026','2026-01-10 03:11:51'),(15,121,7,20,'Rabu','10:30:00','12:00:00','Genap','2025/2026','2026-01-10 03:13:04'),(16,121,7,20,'Jumat','10:30:00','12:00:00','Genap','2025/2026','2026-01-10 03:13:37'),(21,125,11,16,'Senin','08:00:00','10:15:00','Genap','2025/2026','2026-01-11 13:33:56'),(22,125,11,16,'Selasa','07:15:00','10:15:00','Genap','2025/2026','2026-01-11 13:40:45'),(23,125,11,16,'Rabu','12:45:00','15:45:00','Genap','2025/2026','2026-01-11 13:57:05'),(25,135,8,11,'Senin','08:00:00','10:15:00','Genap','2025/2026','2026-01-11 20:47:50'),(26,139,22,11,'Senin','10:30:00','12:00:00','Genap','2025/2026','2026-01-11 20:49:05'),(27,124,9,11,'Senin','12:45:00','15:45:00','Genap','2025/2026','2026-01-11 20:50:06'),(28,133,18,12,'Senin','08:00:00','10:15:00','Genap','2025/2026','2026-01-11 20:51:18'),(29,122,1,12,'Senin','10:30:00','12:00:00','Genap','2025/2026','2026-01-11 20:52:59'),(30,138,2,12,'Senin','12:45:00','14:15:00','Genap','2025/2026','2026-01-11 20:53:46'),(31,129,7,12,'Senin','14:16:00','15:45:00','Genap','2025/2026','2026-01-11 22:15:04'),(32,143,3,20,'Senin','08:00:00','11:15:00','Genap','2025/2026','2026-01-11 22:17:16'),(33,142,25,20,'Senin','11:16:00','13:30:00','Genap','2025/2026','2026-01-11 22:19:30'),(34,135,8,20,'Senin','13:31:00','15:45:00','Genap','2025/2026','2026-01-11 22:21:32'),(35,120,3,10,'Senin','08:00:00','11:15:00','Genap','2025/2026','2026-01-11 22:25:48'),(36,128,14,10,'Senin','11:16:00','14:15:00','Genap','2025/2026','2026-01-11 22:31:17'),(37,139,21,10,'Senin','14:16:00','15:45:00','Genap','2025/2026','2026-01-11 22:33:46'),(38,130,1,15,'Senin','08:00:00','10:15:00','Genap','2025/2026','2026-01-11 22:35:28'),(39,132,17,15,'Senin','10:30:00','12:00:00','Genap','2025/2026','2026-01-11 22:36:45'),(40,143,3,15,'Senin','12:45:00','14:15:00','Genap','2025/2026','2026-01-11 22:37:38'),(41,142,25,15,'Senin','14:16:00','15:45:00','Genap','2025/2026','2026-01-11 22:38:37'),(42,130,1,16,'Senin','10:30:00','13:30:00','Genap','2025/2026','2026-01-11 22:40:44'),(43,141,23,16,'Senin','13:31:00','15:45:00','Genap','2025/2026','2026-01-11 22:42:13'),(44,141,2,13,'Senin','08:00:00','10:15:00','Genap','2025/2026','2026-01-11 22:43:45'),(45,134,12,13,'Senin','10:30:00','14:15:00','Genap','2025/2026','2026-01-11 22:45:04'),(46,132,17,13,'Senin','14:16:00','15:45:00','Genap','2025/2026','2026-01-11 22:47:23'),(47,126,12,14,'Senin','08:00:00','10:15:00','Genap','2025/2026','2026-01-11 22:48:50'),(48,131,4,14,'Senin','10:30:00','12:00:00','Genap','2025/2026','2026-01-11 22:53:32'),(49,132,17,14,'Senin','12:45:00','14:15:00','Genap','2025/2026','2026-01-11 22:54:30'),(50,143,3,14,'Senin','14:16:00','15:45:00','Genap','2025/2026','2026-01-11 22:55:38'),(51,144,2,18,'Senin','08:00:00','10:15:00','Genap','2025/2026','2026-01-11 22:56:52'),(52,137,13,18,'Senin','10:30:00','14:15:00','Genap','2025/2026','2026-01-11 22:59:17'),(53,131,4,18,'Senin','14:16:00','15:45:00','Genap','2025/2026','2026-01-11 22:59:52'),(54,122,1,19,'Senin','08:00:00','10:15:00','Genap','2025/2026','2026-01-11 23:01:31'),(55,144,23,19,'Senin','10:30:00','12:00:00','Genap','2025/2026','2026-01-11 23:03:01'),(56,120,3,19,'Senin','12:45:00','14:15:00','Genap','2025/2026','2026-01-11 23:03:41'),(57,125,11,19,'Senin','14:16:00','15:45:00','Genap','2025/2026','2026-01-11 23:04:39'),(58,123,8,17,'Senin','08:00:00','10:15:00','Genap','2025/2026','2026-01-11 23:05:56'),(59,126,12,17,'Senin','10:30:00','12:00:00','Genap','2025/2026','2026-01-11 23:06:41'),(60,131,4,17,'Senin','12:45:00','14:15:00','Genap','2025/2026','2026-01-11 23:07:22'),(61,134,19,17,'Senin','14:16:00','15:45:00','Genap','2025/2026','2026-01-11 23:08:03'),(62,133,18,11,'Selasa','07:15:00','09:30:00','Genap','2025/2026','2026-01-12 10:48:50'),(63,131,4,11,'Selasa','09:31:00','11:15:00','Genap','2025/2026','2026-01-12 10:51:10'),(64,142,25,11,'Selasa','11:16:00','13:29:00','Genap','2025/2026','2026-01-12 10:56:47'),(65,132,16,12,'Selasa','07:15:00','08:45:00','Genap','2025/2026','2026-01-12 11:12:48'),(66,120,3,12,'Selasa','08:46:00','12:00:00','Genap','2025/2026','2026-01-12 11:14:14'),(67,139,22,12,'Selasa','12:45:00','14:15:00','Genap','2025/2026','2026-01-12 11:14:59'),(68,142,25,12,'Selasa','14:16:00','15:45:00','Genap','2025/2026','2026-01-12 11:15:44'),(69,140,24,20,'Selasa','07:15:00','10:15:00','Genap','2025/2026','2026-01-12 11:17:06'),(70,122,1,20,'Selasa','12:45:00','14:15:00','Genap','2025/2026','2026-01-12 11:18:28'),(71,139,22,20,'Selasa','14:16:00','15:45:00','Genap','2025/2026','2026-01-12 11:19:09'),(72,128,14,10,'Selasa','19:15:00','22:15:00','Genap','2025/2026','2026-01-12 12:53:12'),(73,129,7,10,'Selasa','10:30:00','12:00:00','Genap','2025/2026','2026-01-12 12:58:56'),(74,138,2,10,'Selasa','12:45:00','14:15:00','Genap','2025/2026','2026-01-12 13:05:02'),(75,131,4,10,'Selasa','14:16:00','15:15:00','Genap','2025/2026','2026-01-12 13:14:31'),(76,136,20,15,'Selasa','07:15:00','10:15:00','Genap','2025/2026','2026-01-12 13:18:33'),(77,127,13,15,'Selasa','10:30:00','14:15:00','Genap','2025/2026','2026-01-13 08:30:57'),(78,143,3,15,'Selasa','14:16:00','15:45:00','Genap','2025/2026','2026-01-13 13:05:03'),(79,143,3,16,'Selasa','10:30:00','12:00:00','Genap','2025/2026','2026-01-13 13:07:58'),(80,140,24,16,'Selasa','12:45:00','15:45:00','Genap','2025/2026','2026-01-13 13:16:10'),(81,142,25,13,'Selasa','07:15:00','08:45:00','Genap','2025/2026','2026-01-13 13:33:44'),(85,120,3,11,'Rabu','07:15:00','10:15:00','Genap','2025/2026','2026-01-14 09:17:16'),(86,131,4,13,'Selasa','12:45:00','14:14:00','Genap','2025/2026','2026-01-14 09:41:04'),(87,130,1,14,'Selasa','07:15:00','09:30:00','Genap','2025/2026','2026-01-14 09:42:01'),(88,133,18,14,'Selasa','09:31:00','11:15:00','Genap','2025/2026','2026-01-14 09:42:32'),(89,128,15,14,'Selasa','11:16:00','13:30:00','Genap','2025/2026','2026-01-14 09:43:15'),(90,126,12,14,'Selasa','13:31:00','15:45:00','Genap','2025/2026','2026-01-14 09:43:57'),(91,137,13,18,'Selasa','07:15:00','13:30:00','Genap','2025/2026','2026-01-14 09:48:38'),(92,124,10,18,'Selasa','13:31:00','15:45:00','Genap','2025/2026','2026-01-14 09:49:16'),(93,120,3,19,'Selasa','07:15:00','08:45:00','Genap','2025/2026','2026-01-14 09:50:08'),(94,144,23,19,'Selasa','08:46:00','11:15:00','Genap','2025/2026','2026-01-14 09:50:46'),(95,125,11,19,'Selasa','11:16:00','15:45:00','Genap','2025/2026','2026-01-14 09:51:13'),(96,126,12,17,'Selasa','07:15:00','11:15:00','Genap','2025/2026','2026-01-14 09:52:01'),(97,132,17,17,'Selasa','11:16:00','13:30:00','Genap','2025/2026','2026-01-14 09:52:43'),(98,144,2,17,'Selasa','13:31:00','15:45:00','Genap','2025/2026','2026-01-14 09:53:13'),(99,122,1,11,'Rabu','10:30:00','12:00:00','Genap','2025/2026','2026-01-14 10:00:58'),(100,139,21,11,'Rabu','12:45:00','15:45:00','Genap','2025/2026','2026-01-14 10:04:58'),(101,139,21,12,'Rabu','07:15:00','08:45:00','Genap','2025/2026','2026-01-14 10:06:02'),(102,129,7,12,'Rabu','08:46:00','10:15:00','Genap','2025/2026','2026-01-14 10:06:39'),(103,138,2,12,'Rabu','10:30:00','12:00:00','Genap','2025/2026','2026-01-14 10:07:06'),(104,136,9,12,'Rabu','12:45:00','15:45:00','Genap','2025/2026','2026-01-14 10:07:49'),(105,122,1,20,'Rabu','07:15:00','08:45:00','Genap','2025/2026','2026-01-14 10:08:42'),(106,139,21,20,'Rabu','08:46:00','10:15:00','Genap','2025/2026','2026-01-14 10:09:09'),(107,138,2,20,'Rabu','12:45:00','14:15:00','Genap','2025/2026','2026-01-14 10:12:31'),(108,131,4,20,'Rabu','14:16:00','15:45:00','Genap','2025/2026','2026-01-14 10:13:22'),(109,133,18,10,'Rabu','07:15:00','09:30:00','Genap','2025/2026','2026-01-14 10:18:16'),(110,123,8,10,'Rabu','09:31:00','12:00:00','Genap','2025/2026','2026-01-14 10:18:57'),(111,142,25,10,'Rabu','12:45:00','14:15:00','Genap','2025/2026','2026-01-14 10:19:27'),(112,129,7,10,'Rabu','14:16:00','15:45:00','Genap','2025/2026','2026-01-14 10:19:56'),(113,135,8,15,'Rabu','07:15:00','09:30:00','Genap','2025/2026','2026-01-14 10:21:35'),(114,141,2,15,'Rabu','09:31:00','12:00:00','Genap','2025/2026','2026-01-14 10:22:11'),(115,127,13,15,'Rabu','12:45:00','15:45:00','Genap','2025/2026','2026-01-14 10:22:46'),(116,132,17,16,'Rabu','07:15:00','08:45:00','Genap','2025/2026','2026-01-14 10:23:52'),(117,143,3,16,'Rabu','08:46:00','10:15:00','Genap','2025/2026','2026-01-14 10:24:18'),(118,131,4,16,'Rabu','10:30:00','12:00:00','Genap','2025/2026','2026-01-14 10:24:40'),(119,130,1,13,'Rabu','07:15:00','09:30:00','Genap','2025/2026','2026-01-14 10:26:08'),(120,133,18,13,'Rabu','09:31:00','11:15:00','Genap','2025/2026','2026-01-14 10:26:42'),(121,135,8,13,'Rabu','11:16:00','14:15:00','Genap','2025/2026','2026-01-14 10:27:10'),(123,143,3,14,'Rabu','07:15:00','08:45:00','Genap','2025/2026','2026-01-14 10:31:30'),(124,126,12,14,'Rabu','08:46:00','12:00:00','Genap','2025/2026','2026-01-14 10:34:43'),(125,128,15,14,'Rabu','12:45:00','14:15:00','Genap','2025/2026','2026-01-14 10:36:45'),(126,136,20,18,'Rabu','07:15:00','10:15:00','Genap','2025/2026','2026-01-14 10:40:53'),(127,124,10,18,'Rabu','10:30:00','12:00:00','Genap','2025/2026','2026-01-14 10:41:25'),(128,137,13,18,'Rabu','12:45:00','15:45:00','Genap','2025/2026','2026-01-14 10:42:06'),(129,125,11,19,'Rabu','07:15:00','12:00:00','Genap','2025/2026','2026-01-14 10:44:26'),(130,140,24,19,'Rabu','12:45:00','15:45:00','Genap','2025/2026','2026-01-14 10:45:01'),(131,134,19,17,'Rabu','07:15:00','09:30:00','Genap','2025/2026','2026-01-14 10:47:38'),(132,130,1,17,'Rabu','09:31:00','12:00:00','Genap','2025/2026','2026-01-14 10:48:12'),(133,126,12,17,'Rabu','12:45:00','15:45:00','Genap','2025/2026','2026-01-14 10:48:38'),(134,134,12,13,'Selasa','08:46:00','12:00:00','Genap','2025/2026','2026-01-14 12:06:42'),(135,134,12,13,'Selasa','14:15:00','15:45:00','Genap','2025/2026','2026-01-14 12:28:23'),(136,134,19,13,'Rabu','14:16:00','15:45:00','Genap','2025/2026','2026-01-14 12:31:36'),(137,134,19,14,'Rabu','15:46:00','17:15:00','Genap','2025/2026','2026-01-14 12:34:44'),(138,122,1,11,'Kamis','07:15:00','08:45:00','Genap','2025/2026','2026-01-14 22:05:23'),(139,124,9,11,'Kamis','08:46:00','12:00:00','Genap','2025/2026','2026-01-14 22:07:51'),(140,144,2,11,'Kamis','12:45:00','15:45:00','Genap','2025/2026','2026-01-14 22:09:48'),(141,129,7,12,'Kamis','07:15:00','08:45:00','Genap','2025/2026','2026-01-14 22:18:54'),(142,122,1,12,'Kamis','08:46:00','10:15:00','Genap','2025/2026','2026-01-14 22:24:01'),(143,136,9,12,'Kamis','10:30:00','14:15:00','Genap','2025/2026','2026-01-14 22:24:43'),(144,139,21,12,'Kamis','14:16:00','15:45:00','Genap','2025/2026','2026-01-14 22:25:21'),(145,132,16,20,'Kamis','07:15:00','08:45:00','Genap','2025/2026','2026-01-14 22:29:50'),(146,138,2,20,'Kamis','08:46:00','10:15:00','Genap','2025/2026','2026-01-14 22:35:55'),(147,139,21,20,'Kamis','10:31:00','12:00:00','Genap','2025/2026','2026-01-14 22:37:10'),(148,140,6,20,'Kamis','12:45:00','15:45:00','Genap','2025/2026','2026-01-14 22:38:09'),(149,139,21,10,'Kamis','07:15:00','08:45:00','Genap','2025/2026','2026-01-14 22:42:08'),(150,129,7,10,'Kamis','08:46:00','10:15:00','Genap','2025/2026','2026-01-14 22:43:17'),(151,138,2,10,'Kamis','10:30:00','12:00:00','Genap','2025/2026','2026-01-14 22:44:04'),(152,130,1,10,'Kamis','12:45:00','15:45:00','Genap','2025/2026','2026-01-14 22:44:40'),(153,133,18,15,'Kamis','07:15:00','08:45:00','Genap','2025/2026','2026-01-14 22:53:49'),(154,136,10,15,'Kamis','08:46:00','10:15:00','Genap','2025/2026','2026-01-14 22:54:28'),(155,127,13,15,'Kamis','10:30:00','15:45:00','Genap','2025/2026','2026-01-14 22:56:53'),(156,142,25,16,'Kamis','07:15:00','08:45:00','Genap','2025/2026','2026-01-15 06:40:31'),(157,133,18,16,'Kamis','08:46:00','10:15:00','Genap','2025/2026','2026-01-15 06:40:59'),(158,141,2,16,'Kamis','10:30:00','13:30:00','Genap','2025/2026','2026-01-15 06:42:18'),(159,125,11,16,'Kamis','13:31:00','15:45:00','Genap','2025/2026','2026-01-15 06:42:43'),(160,134,12,13,'Kamis','07:15:00','10:15:00','Genap','2025/2026','2026-01-15 06:44:24'),(161,143,3,13,'Kamis','10:30:00','12:00:00','Genap','2025/2026','2026-01-15 06:44:53'),(162,128,15,13,'Kamis','12:45:00','15:45:00','Genap','2025/2026','2026-01-15 06:45:23'),(163,126,12,14,'Kamis','07:15:00','10:15:00','Genap','2025/2026','2026-01-15 06:47:18'),(164,134,19,14,'Kamis','10:30:00','13:30:00','Genap','2025/2026','2026-01-15 06:47:43'),(165,135,8,14,'Kamis','13:31:00','15:45:00','Genap','2025/2026','2026-01-15 06:49:11'),(166,130,1,18,'Kamis','07:15:00','09:30:00','Genap','2025/2026','2026-01-15 06:50:28'),(167,123,8,18,'Kamis','09:31:00','12:00:00','Genap','2025/2026','2026-01-15 06:51:01'),(168,137,13,18,'Kamis','12:45:00','15:45:00','Genap','2025/2026','2026-01-15 06:51:29'),(169,144,2,19,'Kamis','07:15:00','09:30:00','Genap','2025/2026','2026-01-15 06:52:52'),(170,125,11,19,'Kamis','09:31:00','13:30:00','Genap','2025/2026','2026-01-15 06:53:20'),(171,123,8,19,'Kamis','13:31:00','15:45:00','Genap','2025/2026','2026-01-15 06:53:48'),(172,120,3,17,'Kamis','07:15:00','10:15:00','Genap','2025/2026','2026-01-15 06:54:46'),(173,126,12,17,'Kamis','10:30:00','15:45:00','Genap','2025/2026','2026-01-15 06:55:15'),(175,124,9,11,'Jumat','12:45:00','15:45:00','Genap','2025/2026','2026-01-15 06:58:27'),(176,132,16,11,'Jumat','10:30:00','12:00:00','Genap','2025/2026','2026-01-15 06:59:35'),(177,123,8,12,'Jumat','08:00:00','10:15:00','Genap','2025/2026','2026-01-15 07:07:41'),(178,131,4,12,'Jumat','10:30:00','12:00:00','Genap','2025/2026','2026-01-15 07:08:07'),(179,136,9,12,'Jumat','12:45:00','15:45:00','Genap','2025/2026','2026-01-15 07:08:31'),(180,133,18,20,'Jumat','08:00:00','10:15:00','Genap','2025/2026','2026-01-15 07:09:22'),(181,140,6,20,'Jumat','12:45:00','15:45:00','Genap','2025/2026','2026-01-15 07:11:31'),(182,128,14,10,'Jumat','08:00:00','12:00:00','Genap','2025/2026','2026-01-15 07:12:58'),(183,139,22,10,'Jumat','12:45:00','14:15:00','Genap','2025/2026','2026-01-15 07:13:40'),(184,132,16,10,'Jumat','14:16:00','15:45:00','Genap','2025/2026','2026-01-15 07:14:08'),(185,131,4,15,'Jumat','08:00:00','09:30:00','Genap','2025/2026','2026-01-15 07:15:42'),(186,136,10,15,'Jumat','09:31:00','12:00:00','Genap','2025/2026','2026-01-15 07:16:23'),(187,127,13,15,'Jumat','12:45:00','15:45:00','Genap','2025/2026','2026-01-15 07:16:52'),(188,135,8,16,'Jumat','08:00:00','09:30:00','Genap','2025/2026','2026-01-15 07:18:15'),(190,125,11,16,'Jumat','12:45:00','15:45:00','Genap','2025/2026','2026-01-15 07:19:37'),(191,134,19,13,'Jumat','08:00:00','10:15:00','Genap','2025/2026','2026-01-15 07:21:05'),(192,143,3,13,'Jumat','10:30:00','12:00:00','Genap','2025/2026','2026-01-15 07:21:31'),(193,134,12,13,'Jumat','12:45:00','15:45:00','Genap','2025/2026','2026-01-15 07:21:55'),(194,141,2,14,'Jumat','08:00:00','10:15:00','Genap','2025/2026','2026-01-15 07:26:03'),(195,142,25,14,'Jumat','10:30:00','12:00:00','Genap','2025/2026','2026-01-15 07:26:33'),(196,126,12,14,'Jumat','12:45:00','15:45:00','Genap','2025/2026','2026-01-15 07:26:56'),(197,132,16,18,'Jumat','08:00:00','09:30:00','Genap','2025/2026','2026-01-15 07:29:07'),(198,137,13,18,'Jumat','09:31:00','12:00:00','Genap','2025/2026','2026-01-15 07:30:07'),(199,120,3,18,'Jumat','12:45:00','15:45:00','Genap','2025/2026','2026-01-15 07:30:34'),(200,125,11,19,'Jumat','08:00:00','12:00:00','Genap','2025/2026','2026-01-15 07:31:32'),(201,132,17,19,'Jumat','12:45:00','14:15:00','Genap','2025/2026','2026-01-15 07:32:12'),(202,131,4,19,'Jumat','14:16:00','15:45:00','Genap','2025/2026','2026-01-15 07:32:56'),(203,126,12,17,'Jumat','08:00:00','12:00:00','Genap','2025/2026','2026-01-15 07:33:26'),(204,128,15,17,'Jumat','12:45:00','15:45:00','Genap','2025/2026','2026-01-15 07:34:49');
/*!40000 ALTER TABLE `jadwal_mengajar` ENABLE KEYS */;
UNLOCK TABLES;

--
-- Table structure for table `jurnal_kbm`
--

DROP TABLE IF EXISTS `jurnal_kbm`;
/*!40101 SET @saved_cs_client     = @@character_set_client */;
/*!40101 SET character_set_client = utf8 */;
CREATE TABLE `jurnal_kbm` (
  `id` int(11) unsigned NOT NULL AUTO_INCREMENT,
  `absensi_id` int(11) unsigned NOT NULL,
  `tujuan_pembelajaran` text NOT NULL,
  `kegiatan_pembelajaran` text NOT NULL,
  `media_alat` text DEFAULT NULL,
  `penilaian` text DEFAULT NULL,
  `catatan_khusus` text DEFAULT NULL,
  `foto_dokumentasi` varchar(255) DEFAULT NULL,
  `created_at` datetime DEFAULT NULL,
  PRIMARY KEY (`id`),
  UNIQUE KEY `absensi_id` (`absensi_id`),
  CONSTRAINT `jurnal_kbm_absensi_id_foreign` FOREIGN KEY (`absensi_id`) REFERENCES `absensi` (`id`) ON DELETE CASCADE ON UPDATE CASCADE
) ENGINE=InnoDB AUTO_INCREMENT=197 DEFAULT CHARSET=utf8mb4 COLLATE=utf8mb4_general_ci;
/*!40101 SET character_set_client = @saved_cs_client */;

--
-- Dumping data for table `jurnal_kbm`
--

LOCK TABLES `jurnal_kbm` WRITE;
/*!40000 ALTER TABLE `jurnal_kbm` DISABLE KEYS */;
INSERT INTO `jurnal_kbm` VALUES (13,23,'-','Asking and giving opinion','-','-','-','jurnal_1768183550_696456febb11f.jpg','2026-01-12 09:11:09'),(15,30,'-','Statistika','-','-','-','jurnal_1768180439_69644ad777ffb.jpg','2026-01-12 09:13:59'),(16,27,'-','Pembahasan kesepakatan kelas','-','-','-','jurnal_1768180553_69644b498b831.jpg','2026-01-12 09:15:53'),(17,35,'-','Cinta Tanah Air dan Toleransi Beragama','-','-','-','jurnal_1768180757_69644c1536dd6.jpg','2026-01-12 09:19:17'),(18,37,'-','Asking and giving Opinipn','-','-','-','jurnal_1768181092_69644d64171cf.jpg','2026-01-12 09:24:52'),(19,38,'-','Refleksi awal semester 2','-','-','-','jurnal_1768181158_69644da6ec403.jpg','2026-01-12 09:25:58'),(20,34,'-','Mengenali dan memahami esensi keberagaman bangsa indonesia','-','-','-',NULL,'2026-01-12 09:28:33'),(21,39,'-','Menguatkan kerukunan melalui toleransi dan memelihara kehidupan manusia','-','-','-','jurnal_1768201121_69649ba17fd84.jpeg','2026-01-12 09:34:05'),(22,41,'-','Memahami Isi Teks Drama','-','-','Tidak melaksanakan  PBM dikelas dikarenakan sedang mengikuti pertemuan bersama kepsek, rekan guru, dan tendik.','jurnal_1768182833_69645431d509c.jpeg','2026-01-12 09:53:53'),(23,42,'-','Perencanaan Produksi','-','-','-','jurnal_1768183498_696456ca864ac.jpeg','2026-01-12 10:04:58'),(24,43,'-','Memahami Karakterustik Drama','-','-','-','jurnal_1768183715_696457a3cb0e0.jpeg','2026-01-12 10:08:35'),(25,44,'-','Materi','-','-','-','jurnal_1768184384_69645a4033e38.jpg','2026-01-12 10:19:44'),(26,45,'-','Pernikahan dalam islam','-','-','-','jurnal_1768184506_69645abae743f.jpg','2026-01-12 10:21:46'),(27,46,'-','Permainan bola voli lanjutan ','-','-','-','jurnal_1768185844_69645ff4c3e58.jpg','2026-01-12 10:44:04'),(29,50,'-','Memahami pengertian dan tahapan praproduksi dalam proses desain.','-','-','-','jurnal_1768189383_69646dc749919.jpeg','2026-01-12 11:43:03'),(30,51,'-','Pengenalan Proyek & Penentuan UMKM. (Mencari target: warung kopi, usaha jahit, laundry, dll).','-','-','-','jurnal_1768189642_69646ecaf25b0.jpeg','2026-01-12 11:47:22'),(31,52,'-','Teknik Dasar Produksi Tanaman','-','-','-','jurnal_1768195337_69648509c8465.jpg','2026-01-12 13:22:17'),(32,53,'-','Materi Asking and giving opinion','-','-','-','jurnal_1768195903_6964873f25a2f.jpg','2026-01-12 13:31:43'),(33,54,'-','merawat tanaman','-','-','-','jurnal_1768198144_6964900052e13.jpg','2026-01-12 14:09:04'),(34,55,'-','panen','-','-','-','jurnal_1768198224_69649050cb75d.jpg','2026-01-12 14:10:24'),(35,56,'-','materi panen dan pasca panen','-','-','-','jurnal_1768198303_6964909f9ee54.jpg','2026-01-12 14:11:43'),(36,57,'-','Memahami Kegiatan Produksi','-','-','-','jurnal_1768199557_69649585d3337.jpeg','2026-01-12 14:32:37'),(37,58,'-','Pengenalan untuk semester 2','-','-','-','jurnal_1768201017_69649b395d00c.jpeg','2026-01-12 14:56:57'),(38,59,'-','Statistika (Pengantar Variabel dan Asosiasi)\r\nTujuan Pembelajaran :\r\n1. Peserta didik dapat mendefinisikan dan\r\nmembedakan antara variabel kategorikal\r\n(kualitatif) dan variabel numerikal (kuantitatif).\r\n2. Peserta didik memahami konsep dasar\r\nasosiasi atau hubungan antar variabel.\r\n3. Peserta didik dapat mengidentifikasi jenis\r\nvariabel dalam suatu studi kasus sederhana.','-','-','-','jurnal_1768201543_69649d47801b1.jpeg','2026-01-12 15:05:43'),(39,60,'-','Statistika (Pengantar Variabel dan Asossiasi)\r\nTujuan Pembelajaran :\r\n1. Peserta didik dapat mendefinisikan dan\r\nmembedakan antara variabel kategorikal\r\n(kualitatif) dan variabel numerikal (kuantitatif).\r\n2. Peserta didik memahami konsep dasar\r\nasosiasi atau hubungan antar variabel.\r\n3. Peserta didik dapat mengidentifikasi jenis\r\nvariabel dalam suatu studi kasus sederhana. ','-','-','-','jurnal_1768201797_69649e454ceba.jpeg','2026-01-12 15:09:57'),(40,61,'-','Menjelaskan materi Bhinneka tunggal ika','-','-','-','jurnal_1768203854_6964a64e40c12.jpg','2026-01-12 15:44:14'),(42,62,'-','Presentasi Hasil Riset & Diskusi Kelompok/Kelas.','-','-','-','jurnal_1768230933_696510152040e.jpg','2026-01-12 23:15:33'),(44,69,'-','Mengidentifikasi dan menjelaskan tahapan produksi dalam alur kerja desain. ','-','-','-','jurnal_1768271375_6965ae0f76489.jpg','2026-01-13 10:29:35'),(45,74,'-','Mengidentifikasi sisi-sisi pada segitiga siku-siku','-','-','-','jurnal_1768271546_6965aeba85cb4.jpg','2026-01-13 10:32:26'),(46,73,'-','Etika Digital','-','-','-','jurnal_1768271621_6965af0547d9a.jpeg','2026-01-13 10:33:41'),(47,71,'-','\"Percakapan\"La Mellong Macca Duppai Ada','-','-','-','jurnal_1768271741_6965af7d946a9.jpg','2026-01-13 10:35:41'),(48,75,'-','Mendistribusi data tunggal dan kelompok ke dalam bentuk Histogram dan poligon','-','-','-','jurnal_1768271901_6965b01d9701a.jpg','2026-01-13 10:38:21'),(49,76,'-','Percakapan \" La Mellong Macca Duppai Ada\"','-','-','-','jurnal_1768272023_6965b09726c0c.jpg','2026-01-13 10:40:23'),(50,77,'-','Perbandingan dan konsep Trigonometri pada segitiga siku-siku','-','-','-','jurnal_1768272101_6965b0e50277d.jpg','2026-01-13 10:41:41'),(51,78,'-','Percakapan \" La Mellong Macca Duppai Ada\"','-','-','-','jurnal_1768272222_6965b15ed4a7e.jpg','2026-01-13 10:43:42'),(52,79,'-','Dasar-Dasar Musik (Notasi Musik)','-','-','-','jurnal_1768272441_6965b239b2bec.jpg','2026-01-13 10:47:21'),(53,80,'-','Bola voli lanjutan ','-','-','-','jurnal_1768274200_6965b918ae2ab.jpg','2026-01-13 11:16:40'),(54,29,'-','Opini dan fakta','-','-','-','jurnal_1768275856_6965bf90b7a63.jpg','2026-01-13 11:44:16'),(55,82,'-','Praktek di Ruang Lab Komputer tentang Teknik Mengetik Cepat ','-','-','-','jurnal_1768275889_6965bfb192892.jpg','2026-01-13 11:44:49'),(57,85,'-','Menjelaskan ttg kebhinnekaan tunggal ika, bentuk- bentuk BTI, dan pemberian tugas','-','-','-','jurnal_1768276918_6965c3b68c175.jpg','2026-01-13 12:01:58'),(58,72,'-','Pembersihan Lahan di Green School','-','-','-','jurnal_1768277107_6965c473cb39f.jpg','2026-01-13 12:05:07'),(59,86,'-','Materi Komputer Grafis (vektor) \r\nProses pembuatan Undangan Sampul','-','-','-','jurnal_1768281248_6965d4a05cae2.jpg','2026-01-13 13:14:08'),(60,87,'-','Materi Fotografi\r\nKomposisi fotografi dan Teknik Freezing dalam Fotografi ','-','-','-','jurnal_1768282376_6965d9082162c.jpg','2026-01-13 13:32:56'),(61,88,'-','Menjelaskan ttg arti bhinneka tunggal ika, bentuk2nya, diskusi dan presentasi','-','-','-','jurnal_1768289123_6965f363f29d7.jpg','2026-01-13 15:25:23'),(62,89,'-','Pemberian materi yg akan dipelajari dibhinneka tunggal ika','-','-','-','jurnal_1768290692_6965f984a7594.jpg','2026-01-13 15:51:32'),(64,92,'-','Konsep Trigonometri pada segitiga siku-siku','-','-','-','jurnal_1768347532_6966d78c8d1fb.jpg','2026-01-14 07:38:52'),(65,93,'-','teknik pengelolaan calon benih','-','-','-','jurnal_1768350284_6966e24c576ba.jpeg','2026-01-14 08:24:44'),(66,94,'-','kewirausahaan','-','-','-','jurnal_1768350518_6966e336c4310.jpeg','2026-01-14 08:28:38'),(69,97,'-','memahami benih berkualitas','-','-','-','jurnal_1768351257_6966e619218f7.jpeg','2026-01-14 08:40:57'),(70,98,'-','kreatifitas','-','-','-','jurnal_1768351465_6966e6e9d71ae.jpeg','2026-01-14 08:44:25'),(72,100,'-','Larangan pergaulan bebas dan perbuatan zina','-','-','-','jurnal_1768358844_696703bc0a305.jpg','2026-01-14 10:47:24'),(73,102,'-','Pengertian kewirausahaan agribisnis','-','-','-','jurnal_1768360665_69670ad99fb2c.jpeg','2026-01-14 11:17:45'),(74,101,'-','Pembuatan Moodboard (Warna, Tipografi, Style Visual).','-','-','-','jurnal_1768360762_69670b3ada9fd.jpeg','2026-01-14 11:19:22'),(75,103,'-','Mengidentifikasi unsur pembangun dalam teks drama','-','-','-','jurnal_1768360874_69670baa5b3b1.jpeg','2026-01-14 11:21:14'),(76,104,'-','Kreatif, inovasi dan wirausaha','-','-','-','jurnal_1768361157_69670cc5a4587.jpg','2026-01-14 11:25:57'),(77,108,'-','Pembuatan Moodboard (Warna, Tipografi, Style Visual).','-','-','-','jurnal_1768361490_69670e12c78a9.jpeg','2026-01-14 11:31:30'),(78,106,'-','Starategi pemasaran digital dan analisis target pasar','-','-','-','jurnal_1768361529_69670e39f0a50.jpg','2026-01-14 11:32:09'),(79,110,'-','Penyemprotan lahan','-','-','-','jurnal_1768361711_69670eef1a51f.jpeg','2026-01-14 11:35:11'),(80,109,'-','Tahapan Adat Pernikahan Orang Bugis (Memahami Proses Pernikahan)','-','-','-','jurnal_1768361789_69670f3da88ba.jpg','2026-01-14 11:36:29'),(81,105,'-','Konsep ruang dan konektivitas serta mengidentifkkasi faktor2 yg mempengaruhi','-','-','-','jurnal_1768361808_69670f507471e.jpg','2026-01-14 11:36:48'),(82,111,'-','Fakta dan opini','-','-','-','jurnal_1768361844_69670f748d611.jpg','2026-01-14 11:37:24'),(83,112,'-','Percakapan (La Mellong Macca Duppai ada)\r\nMemahami isi teks percakapan','-','-','-','jurnal_1768361988_696710047b7b2.jpg','2026-01-14 11:39:48'),(84,113,'-','Mengidentifikasi teks naskah drama','-','-','-','jurnal_1768362007_696710170f430.jpeg','2026-01-14 11:40:07'),(85,114,'-','Larangan Pergaulan Bebas','-','-','-','jurnal_1768362079_6967105fe334e.jpg','2026-01-14 11:41:19'),(86,107,'-','Konsep ruang dan konektivitas serta mengidentifikasi faktor faktor yang memengaruhinya','-','-','-','jurnal_1768362205_696710dd1802c.jpg','2026-01-14 11:43:25'),(87,115,'-','Materi panen buah','-','-','-','jurnal_1768362224_696710f0eb5ea.jpeg','2026-01-14 11:43:44'),(88,117,'-','Hidroponik','-','-','-','jurnal_1768362484_696711f42bb33.jpeg','2026-01-14 11:48:04'),(89,116,'-','Bola voli lanjutan ','-','-','-','jurnal_1768362553_696712390b7da.jpg','2026-01-14 11:49:13'),(90,118,'-','Bola voli','-','-','-','jurnal_1768362674_696712b2cd420.jpg','2026-01-14 11:51:14'),(91,119,'-','Bola voli lanjutan ','-','-','-','jurnal_1768362775_6967131774ce9.jpg','2026-01-14 11:52:55'),(92,120,'-','Pertemuan pertama hanya pemberian motivasi kepada siswa dan pembentukan ketua kelas, wakil, sekertaris dan bendahara sebagai wali kelas tiga','-','-','-','jurnal_1768363780_696717048090f.jpg','2026-01-14 12:09:40'),(93,121,'-','Memberikan refleksi kepada siswa','-','-','-','jurnal_1768364793_69671af90c158.jpg','2026-01-14 12:26:33'),(94,122,'-','Konsep sudut-sudut Iatimewa','-','-','-','jurnal_1768364855_69671b374a72f.jpg','2026-01-14 12:27:35'),(95,123,'-','memahami benih berkulitas','-','-','-','jurnal_1768365114_69671c3ab142e.jpeg','2026-01-14 12:31:54'),(96,124,'-','refleksi pembelajaran','-','-','-','jurnal_1768365296_69671cf07d311.jpeg','2026-01-14 12:34:56'),(97,125,'-','Mengidentifikasi sisi-sisi pada segitiga siku-siku','-','-','-','jurnal_1768365335_69671d17df825.jpg','2026-01-14 12:35:35'),(98,126,'-','Kreatif, inovasi dan wirausaha','-','-','-','jurnal_1768365449_69671d89bddda.jpg','2026-01-14 12:37:29'),(99,127,'-','mengidentifikasi peluang usaha dilingkungan sekitar baik sekolah maupun rumah','-','-','-','jurnal_1768365503_69671dbfaa8fd.jpeg','2026-01-14 12:38:23'),(100,129,'-','mengidentifikasi peluang usaha dilingkungan sektar baik sekolah maupun rumah','-','-','-','jurnal_1768365659_69671e5b93307.jpeg','2026-01-14 12:40:59'),(101,128,'-','konsep Trigonometri pada segitiga siku-siku','-','-','-','jurnal_1768365672_69671e6853cf2.jpg','2026-01-14 12:41:12'),(102,130,'-','Memberikan refleksi diawal pertemuan','-','-','-','jurnal_1768365768_69671ec8228c2.jpg','2026-01-14 12:42:48'),(103,131,'-','Perbandingan Trigonometri pada segitiga siku-siku','-','-','-','jurnal_1768365988_69671fa41f8b0.jpg','2026-01-14 12:46:28'),(104,132,'-','cara pengelolaan calon benih','-','-','-','jurnal_1768366102_696720163b4ec.jpeg','2026-01-14 12:48:22'),(105,133,'-','cara pengelolaan calon benih','-','-','-','jurnal_1768366188_6967206cbc940.jpeg','2026-01-14 12:49:48'),(106,134,'-','kewirausahaan','-','-','-','jurnal_1768367060_696723d41fadb.jpeg','2026-01-14 13:04:20'),(107,135,'-','menetapkan jenis usaha yang akan dilakukan','-','-','-','jurnal_1768367428_69672544ae315.jpeg','2026-01-14 13:10:28'),(108,137,'-','Tahapan Pasca-produksi dan aktivitasnya. ','-','-','-','jurnal_1768369379_69672ce3372c6.jpg','2026-01-14 13:42:59'),(109,138,'-','Mrnguatkan kerukunan melalui toleransi memelihara kehidupan manusia','-','-','-','jurnal_1768369594_69672dba91fa6.jpeg','2026-01-14 13:44:23'),(110,139,'-','Asking and giving opinion','-','-','-','jurnal_1768369585_69672db17aa31.jpeg','2026-01-14 13:46:25'),(111,140,'-','Menguatkan kerukunan melalui toleransi dan memelihara kehidupan manusia','-','-','-','jurnal_1768369703_69672e27c5b70.jpeg','2026-01-14 13:48:23'),(112,136,'-','Persiapan Tanam\r\n- Persiapan Lahan\r\n- Penyiapan Benih dan Bibit','-','-','-','jurnal_1768370922_696732ea274f1.jpg','2026-01-14 14:08:42'),(113,143,'-','Perkenalan dan Kesepakatan kelas','-','-','-',NULL,'2026-01-14 14:22:42'),(114,144,'-','Materi Teori Masuknya Hindu-Buddha di Nusantara','-','-','-',NULL,'2026-01-14 14:24:20'),(115,142,'-','Praktek di Ruang Lab Komputer melanjutkan materi sebelumnya teknik mengetik cepat','-','-','-','jurnal_1768371867_6967369b7d7c9.jpg','2026-01-14 14:24:27'),(116,141,'-','Pembersihan Halaman RPS AT','-','-','-','jurnal_1768371871_6967369f44efd.jpg','2026-01-14 14:24:31'),(117,146,'-','Materi tentang Tata cara menata tempat kerja dan Tukaran jam dengan ibu Ida di hari Selasa - Rabu ','-','-','-','jurnal_1768372201_696737e9191b9.jpg','2026-01-14 14:30:01'),(118,145,'-','Kerja Bakti Halaman RPS AT','-','-','-','jurnal_1768372301_6967384d532cd.jpg','2026-01-14 14:31:41'),(119,147,'-','Materi tentang Pertimbangan Ruangan Komputer elemen Teknologi Perkantoran ','-','-','-','jurnal_1768372877_69673a8d91712.jpg','2026-01-14 14:34:45'),(120,148,'-','Produksi Olahan Hasil Tanaman Bahan Penyegar Dan Perkebunan','-','-','-','jurnal_1768373148_69673b9c26f83.jpg','2026-01-14 14:45:48'),(121,149,'-','Materi komputer grafis\r\nmengenakan tool dalam aplikasi corel draw','-','-','-','jurnal_1768373349_69673c658c06a.jpg','2026-01-14 14:49:09'),(122,150,'-','Proses Pengolahan Teh Hijau\r\nPengolahan Teh wangi\r\nProses Pengolahan Kopi','-','-','-','jurnal_1768374117_69673f65c7584.jpg','2026-01-14 15:01:57'),(123,152,'-','Asistensi Sketsa Logo (Guru memberikan masukan pada sketsa manual).','-','-','-','jurnal_1768448138_6968608a170d3.jpg','2026-01-15 11:35:38'),(124,153,'-','Bola voli lanjutan ','-','-','-','jurnal_1768448599_696862577b398.jpg','2026-01-15 11:43:19'),(125,154,'-','Bola voli lanjutan ','-','-','-','jurnal_1768448695_696862b701e6a.jpg','2026-01-15 11:44:55'),(126,156,'-','Menulis dan mendemonstrasikan naskah drama','-','-','-','jurnal_1768448820_696863340b051.jpeg','2026-01-15 11:47:00'),(127,155,'-','Soal uraian menguji kemampuan analisis siswa','-','-','-','jurnal_1768448829_6968633dc67e6.jpg','2026-01-15 11:47:10'),(128,157,'-','Komputer Grafis :\r\nProses pembuatan Isi luar undangan','-','-','-','jurnal_1768448855_6968635799566.jpg','2026-01-15 11:47:36'),(129,158,'-','Teknik Wawancara & Observasi. (Menyusun daftar pertanyaan untuk pemilik UMKM).','-','-','-','jurnal_1768449197_696864ad5fcbb.jpg','2026-01-15 11:49:28'),(130,160,'-','masih tentang toleransi ','-','-','-','jurnal_1768449032_69686408191e1.jpeg','2026-01-15 11:50:32'),(131,159,'-','Fakta dan opini','-','-','-','jurnal_1768449035_6968640b59dbe.jpg','2026-01-15 11:50:35'),(132,161,'-','Soal uraian menguji kemampuan analisis siswa','-','-','-','jurnal_1768449108_6968645403842.jpg','2026-01-15 11:51:48'),(133,162,'-','Field Research (Siswa turun ke lapangan/lokasi UMKM).','-','-','-','jurnal_1768449127_69686467cf4a7.jpg','2026-01-15 11:52:07'),(134,163,'-','tentang toleransi ','-','-','-','jurnal_1768449181_6968649db185b.jpeg','2026-01-15 11:53:01'),(135,164,'-','Dasar-Dasar musik \"Mampu menuliskan birama musik pada garis para nada\"','-','-','-','jurnal_1768449260_696864ec84577.jpg','2026-01-15 11:54:20'),(136,166,'-','Pernikahan dalam islam : Siswa menjelaskan macam-macam hukum pernikahan dalam islam','-','-','-','jurnal_1768449349_696865454e9f4.jpg','2026-01-15 11:55:49'),(137,165,'-','Mengenali isi teks drama dan unsur pembangun nya','-','-','-','jurnal_1768449352_69686548460ea.jpeg','2026-01-15 11:55:52'),(138,167,'-','Pembuatan Creative Brief ','-','-','-','jurnal_1768449418_6968658a46fde.jpg','2026-01-15 11:56:58'),(139,168,'-','materi Latar Belakang Kedatangan Jepang Ke Indonesia','-','-','-','jurnal_1768449701_696866a579439.jpg','2026-01-15 11:59:33'),(140,169,'-','Cintah tanah air dan moderasi beragama','-','-','-','jurnal_1768449668_696866844099e.jpg','2026-01-15 12:01:08'),(141,171,'-','Cinta tanah air dan moderasi beragama','-','-','-','jurnal_1768449776_696866f07a03f.jpg','2026-01-15 12:02:56'),(142,174,'-','Mengenali teks drama dan unsur pembangun nya','-','-','-','jurnal_1768449986_696867c21192f.jpeg','2026-01-15 12:06:26'),(143,175,'-','Larangan pergaulan bebas dan perbuatan zina','-','-','-','jurnal_1768449991_696867c76975e.jpg','2026-01-15 12:06:31'),(144,172,'-','Perbandingan Trigonometri metri pada segitiga siku-siku','-','-','-','jurnal_1768450036_696867f445365.jpg','2026-01-15 12:07:16'),(145,173,'-','Refresh','-','-','-','jurnal_1768450097_69686831ac778.jpg','2026-01-15 12:08:18'),(146,176,'-','Konsep Sudut-sudut Istimewa','-','-','-','jurnal_1768450240_696868c0f3543.jpg','2026-01-15 12:10:41'),(147,177,'-','Mengidentifikasi sisi-sisi pada segitiga siku-siku','-','-','-','jurnal_1768450502_696869c6769de.jpg','2026-01-15 12:15:03'),(148,178,'-','Refresh','-','-','-','jurnal_1768450641_69686a517427a.jpg','2026-01-15 12:17:22'),(149,179,'-','Konsep sudut-sudut Istimewa','-','-','-','jurnal_1768450705_69686a911ab65.jpg','2026-01-15 12:18:25'),(150,31,'-','Refresh materi','-','-','-','jurnal_1768450956_69686b8c1ffaf.jpg','2026-01-15 12:22:36'),(151,180,'-','Tes vocab','-','-','-','jurnal_1768451136_69686c4074eef.jpg','2026-01-15 12:25:37'),(152,181,'-','Tes vocab','-','-','-','jurnal_1768451281_69686cd1b23a8.jpg','2026-01-15 12:28:02'),(153,182,'-','Tes vocab','-','-','-','jurnal_1768451397_69686d458174e.jpg','2026-01-15 12:29:58'),(154,183,'-','Tes vocab','-','-','-','jurnal_1768451526_69686dc61d329.jpg','2026-01-15 12:32:06'),(155,170,'-','Presentasi Hasil Riset UMKM','-','-','-','jurnal_1768451596_69686e0c771ef.jpg','2026-01-15 12:33:16'),(156,24,'-','Refresh','-','-','-','jurnal_1768451677_69686e5d61682.jpg','2026-01-15 12:34:38'),(157,185,'-','Asking and giving opinion ','-','-','-','jurnal_1768452344_696870f8a8941.jpg','2026-01-15 12:45:45'),(158,184,'-','Refleksi diawal pembelajaran','-','-','-','jurnal_1768452352_6968710030120.jpg','2026-01-15 12:45:53'),(159,186,'-','Praktek pembuatan sampul di lanjutkan dengan materi tentang penggunaan keyboard di kelas','-','-','-','jurnal_1768452747_6968728bbf32b.jpg','2026-01-15 12:52:28'),(160,187,'-','Lanjutan materi tentang pennggunaan tombol tombol keyboard ','-','-','-','jurnal_1768453016_69687398d23c4.jpg','2026-01-15 12:56:57'),(161,188,'-','Negosiasi','-','-','-','jurnal_1768454005_69687775842a0.jpg','2026-01-15 13:13:25'),(162,189,'-','Memahami tahapan pascaproduksi dalam sebuah proyek desain.','-','-','-','jurnal_1768454415_6968790f9899e.jpg','2026-01-15 13:20:15'),(163,190,'-','Mengaplikasikan pemahaman proses produksi melalui proyek desain sederhana','-','-','-','jurnal_1768454547_69687993662ac.jpg','2026-01-15 13:22:27'),(164,191,'-','Refleksi ','-','-','-','jurnal_1768454576_696879b0c6136.jpg','2026-01-15 13:22:57'),(165,151,'-','Mengidentifikasi dan memahami tahapan produksi dalam desain komunikasi visual.\r\n','-','-','-','jurnal_1768454703_69687a2f808b0.jpg','2026-01-15 13:25:03'),(166,192,'-','Panen dan pasca panen buah','-','-','-','jurnal_1768454709_69687a350f2db.jpeg','2026-01-15 13:25:09'),(167,194,'-','Panen dan pasca panen sayur','-','-','-','jurnal_1768454844_69687abc0409d.jpeg','2026-01-15 13:27:24'),(168,193,'-','Menyelesaikan proyek mini desain, mempresentasikan prosesnya, dan melakukan refleksi.','-','-','-','jurnal_1768454884_69687ae434710.jpg','2026-01-15 13:28:04'),(169,195,'-','Sortasi dan grading','-','-','-','jurnal_1768454951_69687b271a62d.jpeg','2026-01-15 13:29:11'),(170,196,'-','Merawat tanaman','-','-','-','jurnal_1768455044_69687b84c2a33.jpeg','2026-01-15 13:30:44'),(171,197,'-','Merawat tanaman','-','-','-','jurnal_1768455170_69687c02d9cf4.jpeg','2026-01-15 13:32:51'),(172,198,'-','Penyiangan','-','-','-','jurnal_1768455355_69687cbbb6869.jpeg','2026-01-15 13:35:56'),(173,199,'-','Materi pengendalian opt','-','-','-','jurnal_1768455432_69687d08dd534.jpeg','2026-01-15 13:37:13'),(174,200,'-','Mempraktikkan alur kerja lengkap produksi desain','-','-','-','jurnal_1768456330_6968808ac2b4d.jpg','2026-01-15 13:52:11'),(175,201,'-','Pernikahan dalam Islam ','-','-','-','jurnal_1768457760_69688620c2977.jpg','2026-01-15 14:16:01'),(176,202,'-','Profesionalisme grooming (Penampilan diri) dalam pelayanan','-','-','-',NULL,'2026-01-15 14:19:28'),(177,203,'-','Pembersihan Di Halaman RPS AT','-','-','-','jurnal_1768470399_6968b77fd6f50.jpg','2026-01-15 17:46:39'),(178,204,'-','Produksi olahan hasil tanaman bahan penyegar dan perkebunan','-','-','-','jurnal_1768470809_6968b91948c86.jpg','2026-01-15 17:53:30'),(179,205,'-','Siswa mempelajari materi tentang keamanan pangan','-','-','-','jurnal_1768472086_6968be16df5b4.jpg','2026-01-15 18:14:47'),(180,206,'-','Identitas diri ','-','-','-','jurnal_1768602224_696aba7033512.jpg','2026-01-17 06:23:44'),(181,207,'-','Identitas kelompok dan presentasi tugas','-','-','-','jurnal_1768603185_696abe31bd59a.jpg','2026-01-17 06:39:46'),(182,208,'-','Makna binneka tunggal ika','-','-','-',NULL,'2026-01-17 08:07:46'),(183,209,'-','Identitas diri','-','-','-',NULL,'2026-01-17 08:13:09'),(184,210,'-','Menjelaskan ttg makna bhinneka tunggal ika','-','-','-',NULL,'2026-01-17 08:21:06'),(185,211,'-','Identitas diri','-','-','-',NULL,'2026-01-17 08:24:31'),(186,212,'-','Menjelaskan arti binneka tunggal ika','-','-','-',NULL,'2026-01-17 08:28:37'),(187,215,'-','Bentuk2 BTI','-','-','-',NULL,'2026-01-17 08:47:05'),(188,217,'-','Bentuk2 BTI dan presentasi tugas','-','-','-',NULL,'2026-01-17 08:59:23'),(189,220,'-','Statistika (Pengantar variabel dan asosiasi)\r\n1. Mendefinisikan dan membedakan antara variabel kategorikal dan variabel numerik.\r\n2. Memahami konsep dasar asosiasi atau hubungan antar variabel.\r\n3. Dapat mengidentifikasi jenis - jenis variabel dalam kasus sederhana.','-','-','-','jurnal_1768638092_696b468c7e0cd.jpg','2026-01-17 16:21:32'),(190,221,'-','Statistika (Pengantar variabel dan asosiasi)\r\n1. Mendefinisikan dan membedakan antara variabel kategorikal dan variabel numerik.\r\n2. Memahami konsep dasar asosiasi atau hubungan antar variabel.\r\n3. Dapat mengidentifikasi jenis - jenis variabel dalam kasus sederhana.','-','-','-','jurnal_1768638307_696b4763b987d.jpg','2026-01-17 16:25:08'),(191,222,'-','Statistika\r\n1. Menentukan mean, median dan modus (data berkelompok)','-','-','-','jurnal_1768638533_696b48455f451.jpg','2026-01-17 16:28:53'),(192,223,'-','Statistika (menentukan mean, median dan modus data berkelompok)','-','-','-','jurnal_1768638832_696b497071113.jpg','2026-01-17 16:33:53'),(193,224,'-','Perbandingan Trigonometri\r\n1. Penamaan sisi pada segitiga siku -siku\r\n2. Menentukan panjang sisi dari segitiga siku - siku jika diketahui beberapa panjang sisinya.','-','-','-','jurnal_1768638990_696b4a0e87adb.jpg','2026-01-17 16:36:31'),(194,225,'-','Perkenalan dan Kesepakatan kelas','-','-','-',NULL,'2026-01-19 14:56:38'),(195,226,'-','LatarBelakang Masuknya Hindu Buddha di Nusantara','-','-','-',NULL,'2026-01-19 15:00:58'),(196,227,'-','Perkenalan dan Kesepakatan Kelas','-','-','-','jurnal_1768807068_696dda9c58505.jpg','2026-01-19 15:17:49');
/*!40000 ALTER TABLE `jurnal_kbm` ENABLE KEYS */;
UNLOCK TABLES;

--
-- Table structure for table `kelas`
--

DROP TABLE IF EXISTS `kelas`;
/*!40101 SET @saved_cs_client     = @@character_set_client */;
/*!40101 SET character_set_client = utf8 */;
CREATE TABLE `kelas` (
  `id` int(11) unsigned NOT NULL AUTO_INCREMENT,
  `nama_kelas` varchar(10) NOT NULL,
  `tingkat` enum('10','11','12') NOT NULL,
  `jurusan` varchar(50) NOT NULL,
  `wali_kelas_id` int(11) unsigned DEFAULT NULL,
  PRIMARY KEY (`id`),
  UNIQUE KEY `nama_kelas` (`nama_kelas`)
) ENGINE=InnoDB AUTO_INCREMENT=21 DEFAULT CHARSET=utf8mb4 COLLATE=utf8mb4_general_ci;
/*!40101 SET character_set_client = @saved_cs_client */;

--
-- Dumping data for table `kelas`
--

LOCK TABLES `kelas` WRITE;
/*!40000 ALTER TABLE `kelas` DISABLE KEYS */;
INSERT INTO `kelas` VALUES (10,'X-AT','10','Agribisnis Tanaman',130),(11,'X-MPLB 1','10','Manajemen Perkantoran dan Layanan Bisnis',124),(12,'X-MPLB 2','10','Manajemen Perkantoran dan Layanan Bisnis',136),(13,'XI-AT 1','11','Agribisnis Tanaman',134),(14,'XI-AT 2','11','Agribisnis Tanaman',135),(15,'XI-MPLB','11','Manajemen Perkantoran dan Layanan Bisnis',127),(16,'XI-DKV','11','Desain Komunikasi Visual',125),(17,'XII-AT','12','Agribisnis Tanaman',128),(18,'XII-MPLB','12','Manajemen Perkantoran dan Layanan Bisnis',144),(19,'XII-DKV','12','Desain Komunikasi Visual',132),(20,'X-DKV','10','Desain Komunikasi Visual',140);
/*!40000 ALTER TABLE `kelas` ENABLE KEYS */;
UNLOCK TABLES;

--
-- Table structure for table `mata_pelajaran`
--

DROP TABLE IF EXISTS `mata_pelajaran`;
/*!40101 SET @saved_cs_client     = @@character_set_client */;
/*!40101 SET character_set_client = utf8 */;
CREATE TABLE `mata_pelajaran` (
  `id` int(11) unsigned NOT NULL AUTO_INCREMENT,
  `kode_mapel` varchar(10) NOT NULL,
  `nama_mapel` varchar(100) NOT NULL,
  `kategori` enum('umum','kejuruan') NOT NULL DEFAULT 'umum',
  `created_at` datetime DEFAULT NULL,
  PRIMARY KEY (`id`),
  UNIQUE KEY `kode_mapel` (`kode_mapel`)
) ENGINE=InnoDB AUTO_INCREMENT=26 DEFAULT CHARSET=utf8mb4 COLLATE=utf8mb4_general_ci;
/*!40101 SET character_set_client = @saved_cs_client */;

--
-- Dumping data for table `mata_pelajaran`
--

LOCK TABLES `mata_pelajaran` WRITE;
/*!40000 ALTER TABLE `mata_pelajaran` DISABLE KEYS */;
INSERT INTO `mata_pelajaran` VALUES (1,'MTK','Matematika','umum','2026-01-09 15:40:25'),(2,'BIN','Bahasa Indonesia','umum','2026-01-09 15:40:25'),(3,'BING','Bahasa Inggris','umum','2026-01-09 15:40:25'),(4,'PPa','Pendidikan Pancasila','umum','2026-01-09 15:40:25'),(5,'PDD','Pemrograman Dasar','kejuruan','2026-01-09 15:40:25'),(6,'DDKV','Dasar-Dasar DKV','kejuruan','2026-01-09 20:43:51'),(7,'IPAS','Ilmu Pengetahuan Alam dan Sosial','umum','2026-01-09 20:47:42'),(8,'PABP','Pendidikan Agama dan Budi Pekerti','umum','2026-01-09 20:48:12'),(9,'DDMPLB','Dasar-Dasar MPLB','kejuruan','2026-01-09 20:48:33'),(10,'KIKMPLB','Kreativitas Inovasi dan Kewirausahaan MPLB','kejuruan','2026-01-09 20:49:49'),(11,'KKDKV','Konsentrasi Keahlian DKV','kejuruan','2026-01-09 20:50:32'),(12,'KKAT','Konsentrasi Keahlian AT','kejuruan','2026-01-09 20:50:54'),(13,'KKMPLB','Konsentrasi Keahlian MPLB','kejuruan','2026-01-09 20:51:15'),(14,'DDAT','Dasar-Dasar AT','kejuruan','2026-01-09 20:51:34'),(15,'MPPAT','Mata Pelajaran Pilihan AT','kejuruan','2026-01-09 20:51:57'),(16,'SBD','Seni Budaya','umum','2026-01-09 20:52:31'),(17,'BDA','Bahasa Daerah','umum','2026-01-09 20:53:06'),(18,'PJOK','Pendidikan Jasmani dan Olahraga Kesehatan','umum','2026-01-09 20:53:48'),(19,'KIKAT','Kreativitas Inovasi dan Kewirausahaan AT','kejuruan','2026-01-09 21:09:30'),(20,'MPPMPLB','Mata Pelajaran Pilihan MPLB','kejuruan','2026-01-09 21:09:56'),(21,'INF','Informatika','umum','2026-01-09 21:11:30'),(22,'KDKA','Koding dan Kecerdasan Artifisial','umum','2026-01-09 21:12:13'),(23,'KIKDKV','Kreativitas Inovasi dan Kewirausahaan DKV','kejuruan','2026-01-09 21:12:37'),(24,'MPPDKV','Mata Pelajaran Pilihan DKV','kejuruan','2026-01-09 21:13:02'),(25,'SEJ','Sejarah','umum','2026-01-09 21:13:24');
/*!40000 ALTER TABLE `mata_pelajaran` ENABLE KEYS */;
UNLOCK TABLES;

--
-- Table structure for table `migrations`
--

DROP TABLE IF EXISTS `migrations`;
/*!40101 SET @saved_cs_client     = @@character_set_client */;
/*!40101 SET character_set_client = utf8 */;
CREATE TABLE `migrations` (
  `id` bigint(20) unsigned NOT NULL AUTO_INCREMENT,
  `version` varchar(255) NOT NULL,
  `class` varchar(255) NOT NULL,
  `group` varchar(255) NOT NULL,
  `namespace` varchar(255) NOT NULL,
  `time` int(11) NOT NULL,
  `batch` int(11) unsigned NOT NULL,
  PRIMARY KEY (`id`)
) ENGINE=InnoDB AUTO_INCREMENT=32 DEFAULT CHARSET=utf8mb4 COLLATE=utf8mb4_general_ci;
/*!40101 SET character_set_client = @saved_cs_client */;

--
-- Dumping data for table `migrations`
--

LOCK TABLES `migrations` WRITE;
/*!40000 ALTER TABLE `migrations` DISABLE KEYS */;
INSERT INTO `migrations` VALUES (11,'2026-01-06-163017','App\\Database\\Migrations\\CreateUsersTable','default','App',1767944412,1),(12,'2026-01-06-163050','App\\Database\\Migrations\\CreateKelasTable','default','App',1767944412,1),(13,'2026-01-06-163105','App\\Database\\Migrations\\CreateMataPelajaranTable','default','App',1767944412,1),(14,'2026-01-06-163119','App\\Database\\Migrations\\CreateGuruTable','default','App',1767944412,1),(15,'2026-01-06-163132','App\\Database\\Migrations\\CreateSiswaTable','default','App',1767944413,1),(16,'2026-01-06-163148','App\\Database\\Migrations\\CreateJadwalMengajarTable','default','App',1767944413,1),(17,'2026-01-06-163202','App\\Database\\Migrations\\CreateAbsensiTable','default','App',1767944413,1),(18,'2026-01-06-163214','App\\Database\\Migrations\\CreateAbsensiDetailTable','default','App',1767944413,1),(19,'2026-01-06-163229','App\\Database\\Migrations\\CreateJurnalKbmTable','default','App',1767944413,1),(20,'2026-01-06-163357','App\\Database\\Migrations\\CreateIzinSiswaTable','default','App',1767944413,1),(21,'2026-01-07-051505','App\\Database\\Migrations\\UpdateKelasForeignKey','default','App',1767944487,2),(22,'2026-01-10-014749','App\\Database\\Migrations\\AddNewStatus','default','App',1768010005,3),(23,'2026-01-11-142000','App\\Database\\Migrations\\AddFotoToJurnalKbm','default','App',1768122442,4),(24,'2026-01-11-183700','App\\Database\\Migrations\\AddGuruPenggantiToAbsensi','default','App',1768128192,5),(25,'2026-01-11-222000','App\\Database\\Migrations\\AddTimestampsToIzinSiswa','default','App',1768151406,6),(26,'2026-01-14-131800','App\\Database\\Migrations\\AddUnlockedAtToAbsensi','default','App',1768447681,7),(27,'2026-01-15-020300','App\\Database\\Migrations\\AddProfilePhotoToUsers','default','App',1768447681,7),(28,'2026-01-15-031500','App\\Database\\Migrations\\CreatePasswordResetTokensTable','default','App',1768447681,7),(29,'2026-01-15-140600','App\\Database\\Migrations\\AddProfileTrackingFields','default','App',1768458376,8),(30,'2026-01-15-141500','App\\Database\\Migrations\\SetExistingUsersProfileTracking','default','App',1768752153,9),(31,'2026-01-18-215700','App\\Database\\Migrations\\AddWakakurRole','default','App',1768752153,9);
/*!40000 ALTER TABLE `migrations` ENABLE KEYS */;
UNLOCK TABLES;

--
-- Table structure for table `password_reset_tokens`
--

DROP TABLE IF EXISTS `password_reset_tokens`;
/*!40101 SET @saved_cs_client     = @@character_set_client */;
/*!40101 SET character_set_client = utf8 */;
CREATE TABLE `password_reset_tokens` (
  `id` int(11) unsigned NOT NULL AUTO_INCREMENT,
  `email` varchar(255) NOT NULL,
  `token` varchar(255) NOT NULL,
  `created_at` datetime DEFAULT NULL,
  `expires_at` datetime DEFAULT NULL,
  `used_at` datetime DEFAULT NULL,
  PRIMARY KEY (`id`),
  KEY `email` (`email`),
  KEY `token` (`token`),
  KEY `expires_at` (`expires_at`)
) ENGINE=InnoDB DEFAULT CHARSET=utf8mb4 COLLATE=utf8mb4_general_ci;
/*!40101 SET character_set_client = @saved_cs_client */;

--
-- Dumping data for table `password_reset_tokens`
--

LOCK TABLES `password_reset_tokens` WRITE;
/*!40000 ALTER TABLE `password_reset_tokens` DISABLE KEYS */;
/*!40000 ALTER TABLE `password_reset_tokens` ENABLE KEYS */;
UNLOCK TABLES;

--
-- Table structure for table `siswa`
--

DROP TABLE IF EXISTS `siswa`;
/*!40101 SET @saved_cs_client     = @@character_set_client */;
/*!40101 SET character_set_client = utf8 */;
CREATE TABLE `siswa` (
  `id` int(11) unsigned NOT NULL AUTO_INCREMENT,
  `user_id` int(11) unsigned NOT NULL,
  `nis` varchar(20) NOT NULL,
  `nama_lengkap` varchar(100) NOT NULL,
  `jenis_kelamin` enum('L','P') NOT NULL,
  `kelas_id` int(11) unsigned DEFAULT NULL,
  `tahun_ajaran` varchar(9) NOT NULL,
  `created_at` datetime DEFAULT NULL,
  PRIMARY KEY (`id`),
  UNIQUE KEY `nis` (`nis`),
  KEY `siswa_user_id_foreign` (`user_id`),
  KEY `siswa_kelas_id_foreign` (`kelas_id`),
  CONSTRAINT `siswa_kelas_id_foreign` FOREIGN KEY (`kelas_id`) REFERENCES `kelas` (`id`) ON DELETE SET NULL ON UPDATE SET NULL,
  CONSTRAINT `siswa_user_id_foreign` FOREIGN KEY (`user_id`) REFERENCES `users` (`id`) ON DELETE CASCADE ON UPDATE CASCADE
) ENGINE=InnoDB AUTO_INCREMENT=1013 DEFAULT CHARSET=utf8mb4 COLLATE=utf8mb4_general_ci;
/*!40101 SET character_set_client = @saved_cs_client */;

--
-- Dumping data for table `siswa`
--

LOCK TABLES `siswa` WRITE;
/*!40000 ALTER TABLE `siswa` DISABLE KEYS */;
INSERT INTO `siswa` VALUES (809,955,'230550','A. ALFINA','P',18,'2025/2026','2026-01-11 13:54:37'),(810,956,'250745','A. HAERANA HAEDAR','P',12,'2025/2026','2026-01-11 13:54:37'),(811,957,'240787','ADELILLAH','P',15,'2025/2026','2026-01-11 13:54:38'),(812,958,'250721','ADIRA','P',11,'2025/2026','2026-01-11 13:54:38'),(813,959,'230532','Adrim','L',18,'2025/2026','2026-01-11 13:54:38'),(814,960,'230501','Agung Hamja','L',17,'2025/2026','2026-01-11 13:54:38'),(815,961,'250701','Ahmad','L',20,'2025/2026','2026-01-11 13:54:38'),(816,962,'250702','AHMAD ADITYA','L',20,'2025/2026','2026-01-11 13:54:38'),(817,963,'230556','Ahmad Fasya Ramdana','L',17,'2025/2026','2026-01-11 13:54:38'),(818,964,'250746','AHMAD FAUSAN','L',12,'2025/2026','2026-01-11 13:54:38'),(819,965,'230551','Ahmad Nadil Muyadzar','L',19,'2025/2026','2026-01-11 13:54:38'),(820,966,'250703','AHMAD SUPANGGA','L',20,'2025/2026','2026-01-11 13:54:38'),(821,967,'240752','AHMAD SUTAR','L',13,'2025/2026','2026-01-11 13:54:38'),(822,968,'230533','Ahmad Syahreza Amin','L',17,'2025/2026','2026-01-11 13:54:38'),(823,969,'250765','AHMAD WAHYU ARDIKA','L',10,'2025/2026','2026-01-11 13:54:38'),(824,970,'250747','AINI','P',12,'2025/2026','2026-01-11 13:54:38'),(825,971,'230513','Aini Wulandari','P',19,'2025/2026','2026-01-11 13:54:39'),(826,972,'230514','AISAH','P',19,'2025/2026','2026-01-11 13:54:39'),(827,973,'230515','AKBAR','L',19,'2025/2026','2026-01-11 13:54:39'),(828,974,'250704','Aldi','L',20,'2025/2026','2026-01-11 13:54:39'),(829,975,'250705','ALDI SAPUTRA','L',20,'2025/2026','2026-01-11 13:54:39'),(830,976,'250766','ALDO','L',10,'2025/2026','2026-01-11 13:54:39'),(831,977,'250748','ALFIANA','P',12,'2025/2026','2026-01-11 13:54:39'),(832,978,'230516','ALSA SAPUTRA','L',19,'2025/2026','2026-01-11 13:54:39'),(833,979,'240753','AMBO LOLO','L',13,'2025/2026','2026-01-11 13:54:39'),(834,980,'240733','AMIRTANG','L',13,'2025/2026','2026-01-11 13:54:39'),(835,981,'240754','ANDHYKA','L',16,'2025/2026','2026-01-11 13:54:39'),(836,982,'240101','Andi Akbar','L',18,'2025/2026','2026-01-11 13:54:39'),(837,983,'240774','Andi Aulia','P',16,'2025/2026','2026-01-11 13:54:39'),(838,984,'240701','ANDI MEDINA NAZWA AULIA','P',16,'2025/2026','2026-01-11 13:54:39'),(839,985,'240734','ANDI MUH. DZAKY ZAKWAN','L',15,'2025/2026','2026-01-11 13:54:40'),(840,986,'250749','ANDI MUH.RABIUL ALIF','L',12,'2025/2026','2026-01-11 13:54:40'),(841,987,'240735','ANDI NUR FADILLAH','P',13,'2025/2026','2026-01-11 13:54:40'),(842,988,'240718','ANDIKA SYAPUTRA','L',15,'2025/2026','2026-01-11 13:54:40'),(843,989,'240736','ANISA AEBILIA','P',13,'2025/2026','2026-01-11 13:54:40'),(844,990,'240737','APRIL','L',13,'2025/2026','2026-01-11 13:54:40'),(845,991,'250750','APRILIANA PUTRI','P',12,'2025/2026','2026-01-11 13:54:40'),(846,992,'250722','ARDINDA','P',11,'2025/2026','2026-01-11 13:54:40'),(847,993,'230534','ARJUNA','L',17,'2025/2026','2026-01-11 13:54:40'),(848,994,'240755','ARJUNA','L',14,'2025/2026','2026-01-11 13:54:40'),(849,995,'250723','ASRI','L',11,'2025/2026','2026-01-11 13:54:40'),(850,996,'240702','AULYA MAHARANI','P',16,'2025/2026','2026-01-11 13:54:40'),(851,997,'250724','Ayu Asmarani','P',11,'2025/2026','2026-01-11 13:54:40'),(852,998,'250706','AYU NUR\'AINI','P',20,'2025/2026','2026-01-11 13:54:40'),(853,999,'240719','Ayu Ramadani','P',16,'2025/2026','2026-01-11 13:54:41'),(854,1000,'250751','AZHYFA TRI MUNA RAMADHANI','P',12,'2025/2026','2026-01-11 13:54:41'),(855,1001,'231101','AZIFA SIFANA','P',18,'2025/2026','2026-01-11 13:54:41'),(856,1002,'250767','Azizah','P',10,'2025/2026','2026-01-11 13:54:41'),(857,1003,'240756','BAIM','L',14,'2025/2026','2026-01-11 13:54:41'),(858,1004,'250725','BASO ADJID MASSAID','L',11,'2025/2026','2026-01-11 13:54:41'),(859,1005,'250726','Baso Ismail','L',11,'2025/2026','2026-01-11 13:54:41'),(860,1006,'240738','Baso Reski','L',13,'2025/2026','2026-01-11 13:54:41'),(861,1007,'230517','BINTANG','P',19,'2025/2026','2026-01-11 13:54:41'),(862,1008,'250752','CITRA OLIVIA','P',12,'2025/2026','2026-01-11 13:54:41'),(863,1009,'250727','DAHLIA','P',11,'2025/2026','2026-01-11 13:54:41'),(864,1010,'230535','Deviana','P',18,'2025/2026','2026-01-11 13:54:41'),(865,1011,'250753','DILLA','P',12,'2025/2026','2026-01-11 13:54:41'),(866,1012,'230518','Dillah','P',19,'2025/2026','2026-01-11 13:54:41'),(867,1013,'250777','Dini','P',20,'2025/2026','2026-01-11 13:54:42'),(868,1014,'250707','EDWIN','L',20,'2025/2026','2026-01-11 13:54:42'),(869,1015,'230536','ELISKA PUTRI','P',18,'2025/2026','2026-01-11 13:54:42'),(870,1016,'240780','Farid','L',14,'2025/2026','2026-01-11 13:54:42'),(871,1017,'250708','Fatia Fatrisia','P',20,'2025/2026','2026-01-11 13:54:42'),(872,1018,'240786','FAUZAN','L',15,'2025/2026','2026-01-11 13:54:42'),(873,1019,'240703','FEBRIANG SYAHPUTRA','L',16,'2025/2026','2026-01-11 13:54:42'),(874,1020,'240704','FERDY','L',16,'2025/2026','2026-01-11 13:54:42'),(875,1021,'240705','FITRA RADITIA WARDHANA','L',16,'2025/2026','2026-01-11 13:54:42'),(876,1022,'230502','FITRI','P',17,'2025/2026','2026-01-11 13:54:42'),(877,1023,'240782','FITRI RAMADHANA','P',13,'2025/2026','2026-01-11 13:54:42'),(878,1024,'230503','Fivadly','L',17,'2025/2026','2026-01-11 13:54:42'),(879,1025,'250709','Hafifa Eka Putri','P',20,'2025/2026','2026-01-11 13:54:42'),(880,1026,'250754','HAJRI','P',12,'2025/2026','2026-01-11 13:54:43'),(881,1027,'240706','HASNI','P',16,'2025/2026','2026-01-11 13:54:43'),(882,1028,'250710','HASSYA NYSSA SALSABILA','P',20,'2025/2026','2026-01-11 13:54:43'),(883,1029,'230537','HASTINA','P',18,'2025/2026','2026-01-11 13:54:43'),(884,1030,'250728','Hayuni','P',11,'2025/2026','2026-01-11 13:54:43'),(885,1031,'230504','HENDRA','L',17,'2025/2026','2026-01-11 13:54:43'),(886,1032,'250755','HERMANSYAH','L',12,'2025/2026','2026-01-11 13:54:43'),(887,1033,'230538','IDUL ADHA','L',18,'2025/2026','2026-01-11 13:54:43'),(888,1034,'240707','INTAN','P',16,'2025/2026','2026-01-11 13:54:43'),(889,1035,'240708','IRMA MAYA SARI','P',16,'2025/2026','2026-01-11 13:54:43'),(890,1036,'240720','IRWAN','L',15,'2025/2026','2026-01-11 13:54:43'),(891,1037,'240758','IRWAN RAMADAN','L',13,'2025/2026','2026-01-11 13:54:43'),(892,1038,'240741','IRWANSYA','L',13,'2025/2026','2026-01-11 13:54:43'),(893,1039,'230505','Ivan Sopyan','L',17,'2025/2026','2026-01-11 13:54:43'),(894,1040,'250729','JUMARDI','L',11,'2025/2026','2026-01-11 13:54:44'),(895,1041,'250768','Jumarni','P',10,'2025/2026','2026-01-11 13:54:44'),(896,1042,'230553','jusni','P',18,'2025/2026','2026-01-11 13:54:44'),(897,1043,'240560','Kamistang','L',18,'2025/2026','2026-01-11 13:54:44'),(898,1044,'240721','KASHY SAFRIANY','P',15,'2025/2026','2026-01-11 13:54:44'),(899,1045,'250711','KASMIRAH','P',20,'2025/2026','2026-01-11 13:54:44'),(900,1046,'240722','KEYLA KUMAIROH NURDIN PUTRI','P',15,'2025/2026','2026-01-11 13:54:44'),(901,1047,'250712','LAURA','P',20,'2025/2026','2026-01-11 13:54:44'),(902,1048,'250730','LUNA','P',11,'2025/2026','2026-01-11 13:54:44'),(903,1049,'250731','M. ABIDAZAR AL-GHIFARI','L',11,'2025/2026','2026-01-11 13:54:44'),(904,1050,'240709','M. FAJAR PRATAMA','L',16,'2025/2026','2026-01-11 13:54:44'),(905,1051,'240759','MARSELLA','P',14,'2025/2026','2026-01-11 13:54:44'),(906,1052,'240781','Marwah','P',14,'2025/2026','2026-01-11 13:54:44'),(907,1053,'230519','MASRINA','P',19,'2025/2026','2026-01-11 13:54:44'),(908,1054,'250756','MERLINDA','P',12,'2025/2026','2026-01-11 13:54:45'),(909,1055,'250769','MUH ALFITRAH AZRAH','L',10,'2025/2026','2026-01-11 13:54:45'),(910,1056,'240723','Muh haekal','L',15,'2025/2026','2026-01-11 13:54:45'),(911,1057,'250713','MUH RAF AL','L',20,'2025/2026','2026-01-11 13:54:45'),(912,1058,'230520','Muh Syarif','L',19,'2025/2026','2026-01-11 13:54:45'),(913,1059,'250732','MUH. ASKAR IHKSA MAHENDRA','L',11,'2025/2026','2026-01-11 13:54:45'),(914,1060,'240710','MUH. ASRAF','L',16,'2025/2026','2026-01-11 13:54:45'),(915,1061,'240711','MUH. ASRUL','L',16,'2025/2026','2026-01-11 13:54:45'),(916,1062,'250770','MUH. FAIZ AL\'BANI','L',10,'2025/2026','2026-01-11 13:54:45'),(917,1063,'240761','MUH. FARIL','L',14,'2025/2026','2026-01-11 13:54:45'),(918,1064,'230506','Muh. Fozul Fuad','L',17,'2025/2026','2026-01-11 13:54:45'),(919,1065,'240742','MUH. IKSAN','L',14,'2025/2026','2026-01-11 13:54:45'),(920,1066,'230507','MUH. NAZAR SYAM','L',17,'2025/2026','2026-01-11 13:54:45'),(921,1067,'240743','MUH. RAFI','L',13,'2025/2026','2026-01-11 13:54:46'),(922,1068,'240762','MUH. RIDHO NUR SALSA','L',14,'2025/2026','2026-01-11 13:54:46'),(923,1069,'250771','MUH. SALIM FERDI','L',10,'2025/2026','2026-01-11 13:54:46'),(924,1070,'240744','MUH. ZULKIFLI','L',13,'2025/2026','2026-01-11 13:54:46'),(925,1071,'240763','MUH.IQBAL','L',14,'2025/2026','2026-01-11 13:54:46'),(926,1072,'230508','MUH.SYARIF SAKI','L',17,'2025/2026','2026-01-11 13:54:46'),(927,1073,'250733','MUHAMAD FACHRY FAHREZA','L',11,'2025/2026','2026-01-11 13:54:46'),(928,1074,'230552','muhammad arham','L',18,'2025/2026','2026-01-11 13:54:46'),(929,1075,'240745','MUHAMMAD BHILAL AQHIL','L',13,'2025/2026','2026-01-11 13:54:46'),(930,1076,'240724','MUHAMMAD DIMAS','L',15,'2025/2026','2026-01-11 13:54:46'),(931,1077,'250714','MUHAMMAD FADHIL HIDAYAT','L',20,'2025/2026','2026-01-11 13:54:46'),(932,1078,'230509','MUHAMMAD FADLI','L',17,'2025/2026','2026-01-11 13:54:46'),(933,1079,'250772','MUHAMMAD IKHSAN','L',10,'2025/2026','2026-01-11 13:54:46'),(934,1080,'250715','MUHAMMAD ILHAM','L',20,'2025/2026','2026-01-11 13:54:46'),(935,1081,'230554','Muhammad Lubis','L',17,'2025/2026','2026-01-11 13:54:47'),(936,1082,'250734','Muhammad Nafis','L',11,'2025/2026','2026-01-11 13:54:47'),(937,1083,'240764','MUHAMMAD NAZRIL','L',14,'2025/2026','2026-01-11 13:54:47'),(938,1084,'240746','Muhammad Rifki','L',14,'2025/2026','2026-01-11 13:54:47'),(939,1085,'240747','Muhammad Saldi','L',13,'2025/2026','2026-01-11 13:54:47'),(940,1086,'230539','MUHAMMAD SYAIFUL','L',18,'2025/2026','2026-01-11 13:54:47'),(941,1087,'250716','MUHAMMAD ZULFIKAR','L',20,'2025/2026','2026-01-11 13:54:47'),(942,1088,'240725','MUHD. RIZAL','L',14,'2025/2026','2026-01-11 13:54:47'),(943,1089,'230540','Musdalifa Sella Putri','P',18,'2025/2026','2026-01-11 13:54:47'),(944,1090,'230521','Mustafa','L',19,'2025/2026','2026-01-11 13:54:47'),(945,1091,'230541','NANDA','P',18,'2025/2026','2026-01-11 13:54:47'),(946,1092,'250757','Nasila','P',12,'2025/2026','2026-01-11 13:54:47'),(947,1093,'240765','NAUFHA RAMADHANI','P',14,'2025/2026','2026-01-11 13:54:47'),(948,1094,'240766','NESA ADHA ISLAMIA','P',14,'2025/2026','2026-01-11 13:54:47'),(949,1095,'240726','NINA AYU','P',15,'2025/2026','2026-01-11 13:54:48'),(950,1096,'240712','NUR ALISA PUTRIANA','P',16,'2025/2026','2026-01-11 13:54:48'),(951,1097,'230542','NUR HAYATI','P',18,'2025/2026','2026-01-11 13:54:48'),(952,1098,'230543','NURFADILLA','P',18,'2025/2026','2026-01-11 13:54:48'),(953,1099,'250773','NURFAZILA','P',10,'2025/2026','2026-01-11 13:54:48'),(954,1100,'250717','NURHAFIZAH','P',20,'2025/2026','2026-01-11 13:54:48'),(955,1101,'250736','NURHALIZA','P',11,'2025/2026','2026-01-11 13:54:48'),(956,1102,'250774','Nurhalizah','P',10,'2025/2026','2026-01-11 13:54:48'),(957,1103,'230522','Nurlinda','P',19,'2025/2026','2026-01-11 13:54:48'),(958,1104,'250758','NURSAFAH','P',12,'2025/2026','2026-01-11 13:54:48'),(959,1105,'240713','NURTANG','P',16,'2025/2026','2026-01-11 13:54:48'),(960,1106,'240748','NURUL SALSABILAH','P',13,'2025/2026','2026-01-11 13:54:48'),(961,1107,'230523','Nurul Syifa Mufidah','L',19,'2025/2026','2026-01-11 13:54:48'),(962,1108,'230524','Orel','P',19,'2025/2026','2026-01-11 13:54:48'),(963,1109,'240749','PUTRI','P',13,'2025/2026','2026-01-11 13:54:49'),(964,1110,'230525','PUTRI SUCI MUTIARA HATI','P',19,'2025/2026','2026-01-11 13:54:49'),(965,1111,'240714','RADIT ADITYA','L',16,'2025/2026','2026-01-11 13:54:49'),(966,1112,'250737','Rahma Anjani','P',11,'2025/2026','2026-01-11 13:54:49'),(967,1113,'250738','RAIHANA','P',11,'2025/2026','2026-01-11 13:54:49'),(968,1114,'230526','Ramang','P',19,'2025/2026','2026-01-11 13:54:49'),(969,1115,'250759','RAMAYANA','P',12,'2025/2026','2026-01-11 13:54:49'),(970,1116,'250760','RAMAYANI','P',12,'2025/2026','2026-01-11 13:54:49'),(971,1117,'230527','RANDI KURNIAWAN','L',19,'2025/2026','2026-01-11 13:54:49'),(972,1118,'250740','REHAN ALWAN','L',11,'2025/2026','2026-01-11 13:54:49'),(973,1119,'240768','REHAN SAPUTRA','L',14,'2025/2026','2026-01-11 13:54:49'),(974,1120,'230528','Reski','L',19,'2025/2026','2026-01-11 13:54:49'),(975,1121,'250775','RESKI','L',10,'2025/2026','2026-01-11 13:54:49'),(976,1122,'240769','RESKY','L',14,'2025/2026','2026-01-11 13:54:49'),(977,1123,'230544','Revi Junianti','P',18,'2025/2026','2026-01-11 13:54:50'),(978,1124,'250718','Reza Kadafi','L',20,'2025/2026','2026-01-11 13:54:50'),(979,1125,'250761','Ria Safitri','P',12,'2025/2026','2026-01-11 13:54:50'),(980,1126,'250719','RIFDA AL ASMI','P',20,'2025/2026','2026-01-11 13:54:50'),(981,1127,'240770','Rifka Aziza','P',14,'2025/2026','2026-01-11 13:54:50'),(982,1128,'250762','RIFKA FADILLAH','P',12,'2025/2026','2026-01-11 13:54:50'),(983,1129,'230545','Rina Safitri','P',18,'2025/2026','2026-01-11 13:54:50'),(984,1130,'240727','Riska A','P',15,'2025/2026','2026-01-11 13:54:50'),(985,1131,'230546','RISKI ANTO','L',18,'2025/2026','2026-01-11 13:54:50'),(986,1132,'230510','RISKIA','P',17,'2025/2026','2026-01-11 13:54:50'),(987,1133,'250763','Risnawati','P',12,'2025/2026','2026-01-11 13:54:50'),(988,1134,'230511','RONAL TIRTOSUDIRO','L',17,'2025/2026','2026-01-11 13:54:50'),(989,1135,'250739','ROSNENI','P',11,'2025/2026','2026-01-11 13:54:50'),(990,1136,'240728','Safira','P',15,'2025/2026','2026-01-11 13:54:50'),(991,1137,'250764','SALFA SAHIRA RAHMADANI','P',12,'2025/2026','2026-01-11 13:54:51'),(992,1138,'230529','SALMAN JUNIOR','L',19,'2025/2026','2026-01-11 13:54:51'),(993,1139,'240715','SANDI ARMANSA','L',16,'2025/2026','2026-01-11 13:54:51'),(994,1140,'250741','SARIF HIDAYATULLAH','L',11,'2025/2026','2026-01-11 13:54:51'),(995,1141,'240729','SASKIA','P',15,'2025/2026','2026-01-11 13:54:51'),(996,1142,'240783','SELFIANA','P',14,'2025/2026','2026-01-11 13:54:51'),(997,1143,'250776','Selvia Yanti','P',10,'2025/2026','2026-01-11 13:54:51'),(998,1144,'230530','SELVIANA','P',19,'2025/2026','2026-01-11 13:54:51'),(999,1145,'230547','SERLIANA RAHAYU SAHRIL','P',18,'2025/2026','2026-01-11 13:54:51'),(1000,1146,'240730','SEYLA MUNAJWA NURDIN PUTRI','P',15,'2025/2026','2026-01-11 13:54:51'),(1001,1147,'230548','Sila Putri','P',18,'2025/2026','2026-01-11 13:54:51'),(1002,1148,'240750','SIREN','P',13,'2025/2026','2026-01-11 13:54:51'),(1003,1149,'250720','Sri Sulfiana','P',20,'2025/2026','2026-01-11 13:54:51'),(1004,1150,'230549','Sulkifli Suardi','L',18,'2025/2026','2026-01-11 13:54:51'),(1005,1151,'240751','SYAHRINA','P',13,'2025/2026','2026-01-11 13:54:52'),(1006,1152,'240785','TAMARA','P',14,'2025/2026','2026-01-11 13:54:52'),(1007,1153,'240772','TASYA','P',14,'2025/2026','2026-01-11 13:54:52'),(1008,1154,'240731','Ummul Khaeri','P',15,'2025/2026','2026-01-11 13:54:52'),(1009,1155,'230531','Wahyudi','L',19,'2025/2026','2026-01-11 13:54:52'),(1010,1156,'250742','WAHYUNI','P',11,'2025/2026','2026-01-11 13:54:52'),(1011,1157,'230512','WILDAN RAMADAN','L',17,'2025/2026','2026-01-11 13:54:52'),(1012,1158,'240717','Zakiah Ulya','P',16,'2025/2026','2026-01-11 13:54:52');
/*!40000 ALTER TABLE `siswa` ENABLE KEYS */;
UNLOCK TABLES;

--
-- Table structure for table `users`
--

DROP TABLE IF EXISTS `users`;
/*!40101 SET @saved_cs_client     = @@character_set_client */;
/*!40101 SET character_set_client = utf8 */;
CREATE TABLE `users` (
  `id` int(11) unsigned NOT NULL AUTO_INCREMENT,
  `username` varchar(50) NOT NULL,
  `password` varchar(255) NOT NULL,
  `role` enum('admin','guru_mapel','wali_kelas','wakakur','siswa') DEFAULT 'siswa',
  `email` varchar(100) DEFAULT NULL,
  `profile_photo` varchar(255) DEFAULT NULL,
  `is_active` tinyint(1) NOT NULL DEFAULT 1,
  `created_at` datetime DEFAULT NULL,
  `password_changed_at` datetime DEFAULT NULL COMMENT 'Timestamp when password was last changed by user',
  `email_changed_at` datetime DEFAULT NULL COMMENT 'Timestamp when email was last set/changed by user',
  `profile_photo_uploaded_at` datetime DEFAULT NULL COMMENT 'Timestamp when profile photo was uploaded',
  PRIMARY KEY (`id`),
  UNIQUE KEY `username` (`username`)
) ENGINE=InnoDB AUTO_INCREMENT=1159 DEFAULT CHARSET=utf8mb4 COLLATE=utf8mb4_general_ci;
/*!40101 SET character_set_client = @saved_cs_client */;

--
-- Dumping data for table `users`
--

LOCK TABLES `users` WRITE;
/*!40000 ALTER TABLE `users` DISABLE KEYS */;
INSERT INTO `users` VALUES (1,'admin','$2y$10$BKjFTAMSD12OTys/pr7IEO4LkBQzcMuG7pjVcv/wNN99.U3VTyD4i','admin','dirwanjaya2609@gmail.com','profile_1_1768459935.png',1,'2026-01-09 15:40:35','2026-01-15 14:51:27','2026-01-15 14:51:55','2026-01-15 14:52:15'),(930,'guru1','$2y$10$QtKgMhgq2nVEwJbBNZ0y0.UlNhxRcXTmu.LRQEaLn5XXn8EpqaFT.','wakakur','marlin@smkn8bone.sch.id','profile_930_1768752192.png',1,'2026-01-10 00:16:50','2026-01-19 00:03:32','2026-01-19 14:55:48','2026-01-19 00:03:12'),(931,'guru2','$2y$10$2i3110LgT3tBe0nsOILrcOXPVmb5GD2hZe.IMO/9QHiXNhy6VZo1y','guru_mapel','a.nurw@smkn8bone.sch.id',NULL,1,'2026-01-10 00:16:50',NULL,NULL,NULL),(932,'guru3','$2y$10$kkzIpv5/5v0/YROk0VkFl.qBHb/W2s7wcpODYU1HI9T58aMURzyje','guru_mapel','sapril@smkn8bone.sch.id',NULL,1,'2026-01-10 00:16:50',NULL,NULL,NULL),(933,'guru4','$2y$10$YEl3Rf.J7XZUsUfisCW8SuRcuecyl6Ucs3Lam4V0u4/FjfPi.sByK','guru_mapel','sulfad@smkn8bone.sch.id',NULL,1,'2026-01-10 00:16:50',NULL,NULL,NULL),(934,'guru5','$2y$10$BXJ.Lh3i32QXGakzY3WDmOmLEK577OB8NhqA/nF9PT65OhrXkI.4G','guru_mapel','ratna@smkn8bone.sch.id',NULL,1,'2026-01-10 00:16:50',NULL,NULL,NULL),(935,'guru6','$2y$10$wzIOund6mp8zeJiUnbqvHeUHNSRmBnZrbCz9ttTQFB3Wt23PXtAv2','guru_mapel','theareonejaya@gmail.com','profile_935_1768783992.jpg',1,'2026-01-10 00:16:50','2026-01-15 14:48:03','2026-01-15 14:48:25','2026-01-19 08:53:12'),(936,'guru7','$2y$10$YSJi1iGSvTxQhrlepMZ9c.OgjsLBlszVpF9NZdT8AbGwqiATN5os.','guru_mapel','elite@smkn8bone.sch.id',NULL,1,'2026-01-10 00:16:50',NULL,NULL,NULL),(937,'guru8','$2y$10$N//DaqNB837nI1n.Zw0s2.UmCioG8dLG3.Mtvceg3YbvJgLma5AtO','guru_mapel','st.nur@smkn8bone.sch.id','profile_937_1768459090.jpg',1,'2026-01-10 00:16:50',NULL,NULL,'2026-01-15 14:38:10'),(938,'guru9','$2y$10$iRKsDbjKNrSCwgzqT03UHua5hHg.gmVtUGhFJjqhU60dY31obSspK','guru_mapel','marnaw@smkn8bone.sch.id','profile_938_1768470068.png',1,'2026-01-10 00:16:50','2026-01-15 17:43:23','2026-01-15 17:35:10','2026-01-15 17:41:11'),(939,'guru10','$2y$10$NtF9QpSACtMiDwUxkYuBPOtqDKmgghw7YcHuOh5iW2UBU1kZwHgOC','guru_mapel','andic@smkn8bone.sch.id',NULL,1,'2026-01-10 00:16:50',NULL,NULL,NULL),(940,'Guru11','$2y$10$apPSMpf/hz.2ZmPGu3m4qekUtl6KOiEN42MmzaLM7JEzFPhGZFDI6','guru_mapel','titik@smkn8bone.sch.id','profile_940_1768637351.jpg',1,'2026-01-10 00:16:50','2026-01-17 15:14:34','2026-01-17 13:31:53','2026-01-17 16:09:12'),(941,'Andi Yulismayasanti','$2y$10$YruIg5qurqVAnzFQFpU99exfCwuVMLOG6rFrnzqUunTUxtSM6EI22','guru_mapel','andiyulis121212@gmail.com','profile_941_1768570635.jpg',1,'2026-01-10 00:16:50','2026-01-16 21:38:23','2026-01-16 21:38:23','2026-01-16 21:37:15'),(942,'guru13','$2y$10$kvSFj2msyrRrO2OXZRGHIe1VAbyrys5zGfBYnJhsF/q7f4fuUOsOa','guru_mapel','rahmi@smkn8bone.sch.id',NULL,1,'2026-01-10 00:16:50',NULL,NULL,NULL),(943,'guru14','$2y$10$CzQQjjKQciWNR3YUBQjgtOEOCoLrxSrF6sLWUHoCyeJ.adi8hVbDy','guru_mapel','herian@smkn8bone.sch.id',NULL,1,'2026-01-10 00:16:50',NULL,NULL,NULL),(944,'guru15','$2y$10$DF52yfybtiwwkpZOYJWx0O5Zasklwzx1K6.bLVDASH6dVrZFWe9S2','guru_mapel','a.eva@smkn8bone.sch.id','profile_944_1768551910.jpeg',1,'2026-01-10 00:16:51','2026-01-16 16:24:11','2026-01-16 16:24:11','2026-01-16 16:25:10'),(945,'guru16','$2y$10$ZthxMJc9MZle7/tBR9/d6eCGAioOT7zZrhiiG1rK2yTVnDuUFLT4K','guru_mapel','idaar@smkn8bone.sch.id',NULL,1,'2026-01-10 00:16:51',NULL,NULL,NULL),(946,'guru17','$2y$10$oirqHixqUYDUhn62Fz//Reb6tCPWLkTnNlmRpjWWBrD7R3es0KSaq','guru_mapel','rahmaw@smkn8bone.sch.id',NULL,1,'2026-01-10 00:16:51',NULL,NULL,NULL),(947,'guru18','$2y$10$jNOPpFNmvGLPShxQtzhKOew486CfdDmHxy.TVVoyjj5LKytVtFdyO','guru_mapel','herlin@smkn8bone.sch.id','profile_947_1768458698.jpg',1,'2026-01-10 00:16:51',NULL,NULL,'2026-01-15 14:31:38'),(948,'guru19','$2y$10$yLDZCdDw2qC2BhcWRxEIju6/qBBa0sPO/xQFAZt4FYS3KKvhVJlSy','guru_mapel','nuril@smkn8bone.sch.id',NULL,1,'2026-01-10 00:16:51',NULL,NULL,NULL),(949,'guru20','$2y$10$lkTeJ1LT1oGVuMibFSvr2eMgj8wBXgAPqq8X0L7ZHaEL.HLE.SqW6','guru_mapel','mohdg9647@gmail.com','profile_949_1768465223.png',1,'2026-01-10 00:16:51','2026-01-17 05:41:23','2026-01-17 05:41:23','2026-01-15 16:20:23'),(950,'guru21','$2y$10$pZVIE.UVqlDoQ9Rp5okZQuuZgtGru7Vq3IOARpxsRF8DN4xy3cvGm','guru_mapel','muh.ha@smkn8bone.sch.id',NULL,1,'2026-01-10 00:16:51',NULL,NULL,NULL),(951,'guru22','$2y$10$1Ngm4hZ8LJwrabv2la3PcuS.X2vzPrubVMU7AKG4kAeOUUGfdwAwW','guru_mapel','jumiat@smkn8bone.sch.id',NULL,1,'2026-01-10 00:16:51',NULL,NULL,NULL),(952,'guru23','$2y$10$y17Gpb4O5JkEg.Te.ExnaefeafEj/.piVxyqkTpUqREuBcRbb2eC2','guru_mapel','sabar@smkn8bone.sch.id',NULL,1,'2026-01-10 00:16:51',NULL,NULL,NULL),(953,'guru24','$2y$10$XQeXMNwUekfu.54G.CpORutMJaNLNP2PZ4peemcz8A9ahLZSnJFXy','guru_mapel','muh.yu@smkn8bone.sch.id',NULL,1,'2026-01-10 00:16:51',NULL,NULL,NULL),(954,'guru25','$2y$10$cHN8lqsFY2AzVXVoHTfDoOl0aIKsGcwg/zf.dVClsyBwDOtg3n5fS','guru_mapel','besse@smkn8bone.sch.id',NULL,1,'2026-01-10 00:16:51',NULL,NULL,NULL),(955,'siswa1','$2y$10$4hT7dYXTeyaxrNLfTyG8j.mX59qbkbRnmic5QWSnbOijyfHUoTMda','siswa','alfina@smkn8bone.sch.id',NULL,1,'2026-01-11 13:54:37',NULL,NULL,NULL),(956,'siswa2','$2y$10$ZMt0iITQENFYMYMmwRBiUeTxWtDuW/mk9JPZmb/vZvaU436poN6NW','siswa','haedar@smkn8bone.sch.id',NULL,1,'2026-01-11 13:54:37',NULL,NULL,NULL),(957,'siswa3','$2y$10$JXhNuQoICcMGd0unriNxF.LrE/3.47ZELZCHuMbzdubLGw7ALcJRG','siswa','lillah@smkn8bone.sch.id',NULL,1,'2026-01-11 13:54:37',NULL,NULL,NULL),(958,'siswa4','$2y$10$p1nz9.4n7MhVZ8hnOcJhyeZq25ay24lFY2mSg9sXRierNhGd6.xYq','siswa','adira@smkn8bone.sch.id',NULL,1,'2026-01-11 13:54:38',NULL,NULL,NULL),(959,'siswa5','$2y$10$M5U0FA0tZI4EfZ./5USsN.iuxuxOxi6gaynWCRGO36XlRXW74YQdi','siswa','adrim@smkn8bone.sch.id',NULL,1,'2026-01-11 13:54:38',NULL,NULL,NULL),(960,'siswa6','$2y$10$Axke0UI24c4xSgw25K9hQeRIVcxvw4ekTniByDQsuQOaNDYosXNOW','siswa','hamja@smkn8bone.sch.id',NULL,1,'2026-01-11 13:54:38',NULL,NULL,NULL),(961,'siswa7','$2y$10$93xNZzIdj9/0yAN0/4Cecu4w6tU1btgWoISs3eihMwFWAph6W3TNu','siswa','ahmad@smkn8bone.sch.id',NULL,1,'2026-01-11 13:54:38',NULL,NULL,NULL),(962,'siswa8','$2y$10$rlLRm/5InzradPHwf070Pe4Vnlr7qGtgwGFrw94fcWoTphEGhcDlC','siswa','aditya@smkn8bone.sch.id',NULL,1,'2026-01-11 13:54:38',NULL,NULL,NULL),(963,'siswa9','$2y$10$hyMk45tlzNC3j/jxJWE.Cun1DmWRwM7.ZM7ESJnEIETEKdVZ2z8ii','siswa','amdana@smkn8bone.sch.id',NULL,1,'2026-01-11 13:54:38',NULL,NULL,NULL),(964,'siswa10','$2y$10$Mod9eI1ht1HyqfiRtno7MO4Z4AtX/2KFLmNKIX0xNRyHilhutCP0K','siswa','fausan@smkn8bone.sch.id',NULL,1,'2026-01-11 13:54:38',NULL,NULL,NULL),(965,'siswa11','$2y$10$pN0wd5NL7CslymI/u9XZ0OCvGtkdkfnqf138l9W24vKFyg8kCmxvy','siswa','yadzar@smkn8bone.sch.id',NULL,1,'2026-01-11 13:54:38',NULL,NULL,NULL),(966,'siswa12','$2y$10$myhwzcC2NOZpnbc.MluWEejZaZXfryAchBetXirB5jm6c2JwfrLHe','siswa','pangga@smkn8bone.sch.id',NULL,1,'2026-01-11 13:54:38',NULL,NULL,NULL),(967,'siswa13','$2y$10$ovNpN9PUiBw.z9daLAgmWOaZ8q.BUuwyVb.ut5rUPxnw57JYHFAOW','siswa','sutar@smkn8bone.sch.id',NULL,1,'2026-01-11 13:54:38',NULL,NULL,NULL),(968,'siswa14','$2y$10$lgXpOkNKT7PlOlugimvcPevj.2GoZEz1xU55U9ARTrBpQQFjjBidO','siswa','aamin@smkn8bone.sch.id',NULL,1,'2026-01-11 13:54:38',NULL,NULL,NULL),(969,'siswa15','$2y$10$PiPeGzX4.8n5aSBkzzYVPuj76WDvz1vB3yuhPECL01Zo.y45RyMva','siswa','ardika@smkn8bone.sch.id',NULL,1,'2026-01-11 13:54:38',NULL,NULL,NULL),(970,'siswa16','$2y$10$aXdFanqFKR0RYMJh7ZFaMehXyipbiruN4bnga.JIA72g7oBcJqaCm','siswa','aini@smkn8bone.sch.id',NULL,1,'2026-01-11 13:54:38',NULL,NULL,NULL),(971,'siswa17','$2y$10$o/.0e9SudOLUx6bhuIapseNDPbxEkpvHB0HXIzM0LJCLOd4iKz.oG','siswa','andari@smkn8bone.sch.id',NULL,1,'2026-01-11 13:54:38',NULL,NULL,NULL),(972,'siswa18','$2y$10$qEDYAOIrzKvds5dtTpdP/uhiHtjQoYN2ZnTbowZSQ49/zOlSV/056','siswa','aisah@smkn8bone.sch.id',NULL,1,'2026-01-11 13:54:39',NULL,NULL,NULL),(973,'siswa19','$2y$10$2Sw4bhb0sRb1PBEpZ1QHle7s/Nj5V2mDX0A5DwRoHZ8YpHHkiKH/C','siswa','akbar@smkn8bone.sch.id',NULL,1,'2026-01-11 13:54:39',NULL,NULL,NULL),(974,'siswa20','$2y$10$IQdlgl0uIPl0XrLwlpDYNucDpcjeax1LYmE06cjzHJoFot6NEfL9u','siswa','aldi@smkn8bone.sch.id',NULL,1,'2026-01-11 13:54:39',NULL,NULL,NULL),(975,'siswa21','$2y$10$sYegfNkYxjTIXyGqyNGPfOl0ac5JhLsOyijl6x/8XIal3OOsPq.xu','siswa','aputra@smkn8bone.sch.id',NULL,1,'2026-01-11 13:54:39',NULL,NULL,NULL),(976,'siswa22','$2y$10$U.7rOVEYveA2Dfn36JNSM.lYd8andUcgSo7dx0YwoPjHqbxCKoani','siswa','aldo@smkn8bone.sch.id',NULL,1,'2026-01-11 13:54:39',NULL,NULL,NULL),(977,'siswa23','$2y$10$pcptIK9eh9YpnghnrPbRq.MOhaLF/OnwnKZVrXRguoOUe8rLjyvpy','siswa','lfiana@smkn8bone.sch.id',NULL,1,'2026-01-11 13:54:39',NULL,NULL,NULL),(978,'siswa24','$2y$10$2wOffkPoMGu1xt9Mu6VWtuymP85mzGVJlU0JyEYTX0aLg1CzOicim','siswa','aputra@smkn8bone.sch.id',NULL,1,'2026-01-11 13:54:39',NULL,NULL,NULL),(979,'siswa25','$2y$10$XJC4EIGKqHAqyTz3Kwq/Y.VznGYi24tX1Yz5Lfephod6NzjQlr19e','siswa','ololo@smkn8bone.sch.id',NULL,1,'2026-01-11 13:54:39',NULL,NULL,NULL),(980,'siswa26','$2y$10$.uEScedLLfrtEZhh2rocr.pPU93IiPyhk7DGK/tKL8mPk0AOx9INq','siswa','irtang@smkn8bone.sch.id',NULL,1,'2026-01-11 13:54:39',NULL,NULL,NULL),(981,'siswa27','$2y$10$C9ntMCtgq5ntR6yMgluRo.wRO7Q2Gjq7JltdC/3e.YOFhnnqpneiG','siswa','ndhyka@smkn8bone.sch.id',NULL,1,'2026-01-11 13:54:39',NULL,NULL,NULL),(982,'siswa28','$2y$10$nUa9g9D1IajJ5m2v7hQtWed3h6pDTq7vca3gaOv.FxGqug0Su.OYO','siswa','akbar@smkn8bone.sch.id',NULL,1,'2026-01-11 13:54:39',NULL,NULL,NULL),(983,'siswa29','$2y$10$/XTzDwFtd9eTHfVDqLDsROxMqwFbBTKi7hVBxNimx98GqgD9worv.','siswa','aulia@smkn8bone.sch.id',NULL,1,'2026-01-11 13:54:39',NULL,NULL,NULL),(984,'siswa30','$2y$10$1p.5hm/pbUK9B3n56utGG.3USnRhpQSy332m2bbavd.DdLDrSw0r6','siswa','aulia@smkn8bone.sch.id',NULL,1,'2026-01-11 13:54:39',NULL,NULL,NULL),(985,'siswa31','$2y$10$T0EigfVe3OJDYQJT1c0stuTor1NH3I76jo28KRTpf1kbXZJoU3JAK','siswa','zakwan@smkn8bone.sch.id',NULL,1,'2026-01-11 13:54:39',NULL,NULL,NULL),(986,'siswa32','$2y$10$hTrLSoFPpO0gKkf.CiyKlO2t6frPO2j4UX4crx7XmjhduSs/KPxju','siswa','lalif@smkn8bone.sch.id',NULL,1,'2026-01-11 13:54:40',NULL,NULL,NULL),(987,'siswa33','$2y$10$lFQyfNDc12Dcd59zvAtluuLmB1IL9UWZRW.c0da2ssdGtYfGPnA9K','siswa','dillah@smkn8bone.sch.id',NULL,1,'2026-01-11 13:54:40',NULL,NULL,NULL),(988,'siswa34','$2y$10$7.zuU7Z4.JlyTZSs/hUfQukNuwlLntEJ7Cl9e2wihNYPfCTYOJJO.','siswa','aputra@smkn8bone.sch.id',NULL,1,'2026-01-11 13:54:40',NULL,NULL,NULL),(989,'siswa35','$2y$10$xg/xbFPi18uZFzLrjwS2suvCHAcICplb/RFXeCJo9POyGYrSxcZ7a','siswa','ebilia@smkn8bone.sch.id',NULL,1,'2026-01-11 13:54:40',NULL,NULL,NULL),(990,'siswa36','$2y$10$Sf.hLIdMl6AblX5K4u/MS.MIFcl5FScMoCLxLOACECH8NrCkQhz.y','siswa','april@smkn8bone.sch.id',NULL,1,'2026-01-11 13:54:40',NULL,NULL,NULL),(991,'siswa37','$2y$10$OU2hHtDWgdfFF/sxWB7OsufY5LO5M2u4Ny0LITNZQvBA2oLBFMikW','siswa','putri@smkn8bone.sch.id',NULL,1,'2026-01-11 13:54:40',NULL,NULL,NULL),(992,'siswa38','$2y$10$QdYoVniMSHAKXa4z5NrUfOxGb/W5u7o8Ngb/QtNGxtadutY7Fd1my','siswa','rdinda@smkn8bone.sch.id',NULL,1,'2026-01-11 13:54:40',NULL,NULL,NULL),(993,'siswa39','$2y$10$ekb4ocMU2LZT20G3R.SuGOubj8Mokyqo7zXRxEt7QOlTDCRzwoKai','siswa','arjuna@smkn8bone.sch.id',NULL,1,'2026-01-11 13:54:40',NULL,NULL,NULL),(994,'siswa40','$2y$10$zrPs1BiglHmCUv.u2/MlV.TUrnCnFlDZv.F0iY2KbLcutktTxFeX.','siswa','arjuna@smkn8bone.sch.id',NULL,1,'2026-01-11 13:54:40',NULL,NULL,NULL),(995,'siswa41','$2y$10$p2wJpAj6zh2O5gmWxtI4Q.lC8k0KjAJA531FPjZmwisaAYtFWjTWO','siswa','asri@smkn8bone.sch.id',NULL,1,'2026-01-11 13:54:40',NULL,NULL,NULL),(996,'siswa42','$2y$10$Ab7ma0SfqUfTZ5jAXv0utuC0fOv8Fy0TmrKa4LShDfHMfwVdRYBva','siswa','harani@smkn8bone.sch.id',NULL,1,'2026-01-11 13:54:40',NULL,NULL,NULL),(997,'siswa43','$2y$10$rOqjYhwNTWc4M3eNAW05bOs4IVuvv6PsDrD/N4t73ecaC0JZyg9ky','siswa','marani@smkn8bone.sch.id',NULL,1,'2026-01-11 13:54:40',NULL,NULL,NULL),(998,'siswa44','$2y$10$bJtKBp83uWQeNn7NWaJCQuuWHJTpm0jgxolEOrVmmqi.Ifyasd2sq','siswa','r\'aini@smkn8bone.sch.id',NULL,1,'2026-01-11 13:54:40',NULL,NULL,NULL),(999,'siswa45','$2y$10$vdElaqgMdg/4rONjavtXruBzADyY.S2TwCsNps0sKi6JNc4rVVhfK','siswa','madani@smkn8bone.sch.id',NULL,1,'2026-01-11 13:54:40',NULL,NULL,NULL),(1000,'siswa46','$2y$10$ZLErlbFuVywltNFCWfyO0uVyrGtEyuphXDieJqN3j5UdTcL3A2nWO','siswa','adhani@smkn8bone.sch.id',NULL,1,'2026-01-11 13:54:41',NULL,NULL,NULL),(1001,'siswa47','$2y$10$6d3I8vqEYOmhtBSm8W2taOOOfv.ZwSWBcOHZcZkIyUGXwT1Gv1Xha','siswa','sifana@smkn8bone.sch.id',NULL,1,'2026-01-11 13:54:41',NULL,NULL,NULL),(1002,'siswa48','$2y$10$JTyGkkLclhwph6jGiCZjTOaaqsaIEWnhZJGuKPMURlEFt1ovzNNl2','siswa','azizah@smkn8bone.sch.id',NULL,1,'2026-01-11 13:54:41',NULL,NULL,NULL),(1003,'siswa49','$2y$10$fhQD6joULoRh9PmnIoHEne83u3EO3xZNpDHkDXOuC2E9.qTMmnm2y','siswa','baim@smkn8bone.sch.id',NULL,1,'2026-01-11 13:54:41',NULL,NULL,NULL),(1004,'siswa50','$2y$10$jAeaCBcw3PlmRq1cIyluSeT0kv1lIJ/9teJWdfrP0S18XC938p1Te','siswa','assaid@smkn8bone.sch.id',NULL,1,'2026-01-11 13:54:41',NULL,NULL,NULL),(1005,'siswa51','$2y$10$HAUoefuK5eiqr30epR4EbeamdL0CWTcvJed.CXWKD5IlW2ELbE8..','siswa','ismail@smkn8bone.sch.id',NULL,1,'2026-01-11 13:54:41',NULL,NULL,NULL),(1006,'siswa52','$2y$10$NBg.bZqXaxKDQHdOXBwFa.7bBXOTv3h6bmuFi5dHUQAD1/NIZesB.','siswa','reski@smkn8bone.sch.id',NULL,1,'2026-01-11 13:54:41',NULL,NULL,NULL),(1007,'siswa53','$2y$10$UaU7xC08uuPabC3d4CEDfuFzROO/stn7xIcVNyMYP2o03zojkUeS.','siswa','intang@smkn8bone.sch.id',NULL,1,'2026-01-11 13:54:41',NULL,NULL,NULL),(1008,'siswa54','$2y$10$HllpFQ5s63pcLzRxN2fXHOzVd5mWKDUD2cJd9z5x/dbu77GUwF8Ku','siswa','olivia@smkn8bone.sch.id',NULL,1,'2026-01-11 13:54:41',NULL,NULL,NULL),(1009,'siswa55','$2y$10$9UafHsj6el6vVlF.eUMeu..KeabFRyuYNSqOl2yTaPT7S22aewyae','siswa','dahlia@smkn8bone.sch.id',NULL,1,'2026-01-11 13:54:41',NULL,NULL,NULL),(1010,'siswa56','$2y$10$p5LcUIc5UEysMXlU9pG0w.D1t.EptuYyBv9vH7MNw5m1qcC0Z/NrS','siswa','eviana@smkn8bone.sch.id',NULL,1,'2026-01-11 13:54:41',NULL,NULL,NULL),(1011,'siswa57','$2y$10$d7u9BbwRt6dWS8VhmfIFf.JJYu4BB9UajCsxJRMDDqKUfkt3BTazu','siswa','dilla@smkn8bone.sch.id',NULL,1,'2026-01-11 13:54:41',NULL,NULL,NULL),(1012,'siswa58','$2y$10$0DyAFLmCeJb.O7ovSZb6Ge/TZNKwUDY4RT3XJtDFoP74f.gDLp2MO','siswa','dillah@smkn8bone.sch.id',NULL,1,'2026-01-11 13:54:41',NULL,NULL,NULL),(1013,'siswa59','$2y$10$d0V9pzIPgTW5Dd3gywfzc.DJbVtyAlkH2cUwTNxKroDrvuhmoeZti','siswa','dini@smkn8bone.sch.id',NULL,1,'2026-01-11 13:54:41',NULL,NULL,NULL),(1014,'siswa60','$2y$10$fb7ER0uqRD4RQBROksoHyuzIvaoEBn.uKn7FXTr34Bb.AZrDe.we.','siswa','edwin@smkn8bone.sch.id',NULL,1,'2026-01-11 13:54:42',NULL,NULL,NULL),(1015,'siswa61','$2y$10$OR9k3yBXjvKeFUVGDEqwnOQDVTbjuItYSZisecTsG4Cb7v5a9s1um','siswa','putri@smkn8bone.sch.id',NULL,1,'2026-01-11 13:54:42',NULL,NULL,NULL),(1016,'siswa62','$2y$10$qAmzcSt7gXelCsSFFPgYTeEpHekCPKl3aVGpimOcnieWrjqu17aQi','siswa','farid@smkn8bone.sch.id',NULL,1,'2026-01-11 13:54:42',NULL,NULL,NULL),(1017,'siswa63','$2y$10$mtPUz00nN6/iKMPxLXJh5.bu6CT1eePlfHr57Do5kwBBWTMcEyOi6','siswa','trisia@smkn8bone.sch.id',NULL,1,'2026-01-11 13:54:42',NULL,NULL,NULL),(1018,'siswa64','$2y$10$A7b4WeSf0uf6nSkNVJxUBeWqDyVaqoR9EuaHm3ZyTJ27C3FxrVGNG','siswa','fauzan@smkn8bone.sch.id',NULL,1,'2026-01-11 13:54:42',NULL,NULL,NULL),(1019,'siswa65','$2y$10$k5wrlCZc73q7ga7iN90aa.A2tizLWi58XobIxFbgcSDHv.FKmvnnC','siswa','hputra@smkn8bone.sch.id',NULL,1,'2026-01-11 13:54:42',NULL,NULL,NULL),(1020,'siswa66','$2y$10$3OIPUpg.XqzgcqJjLF5kJO7XXg3zULRZwJ5OHAE3OC.PB8Bhqa5ji','siswa','ferdy@smkn8bone.sch.id',NULL,1,'2026-01-11 13:54:42',NULL,NULL,NULL),(1021,'siswa67','$2y$10$090nlNqoh5xImedI7hNpbe6R4H5JkaVwrqD0CNiL9zMrJ21k8D6JG','siswa','rdhana@smkn8bone.sch.id',NULL,1,'2026-01-11 13:54:42',NULL,NULL,NULL),(1022,'siswa68','$2y$10$GaU.F3zMeF5lcdsrD8D/M.1DdrhDyh3BMSebu0rvlEIO5HqSwvHIS','siswa','fitri@smkn8bone.sch.id',NULL,1,'2026-01-11 13:54:42',NULL,NULL,NULL),(1023,'siswa69','$2y$10$73v6KTzonb8fYiajTGlF..pp8vjPg677gIVodFHdLVLN/pWyzLEvO','siswa','adhana@smkn8bone.sch.id',NULL,1,'2026-01-11 13:54:42',NULL,NULL,NULL),(1024,'siswa70','$2y$10$6T7.Uy.IT/64BYOszSdlA.ndLxMoIsgcz.IE2Symu/u84/1nuHeJy','siswa','ivadly@smkn8bone.sch.id',NULL,1,'2026-01-11 13:54:42',NULL,NULL,NULL),(1025,'siswa71','$2y$10$KzzzmIXbi/F9h1E9nG/IKeW3fmcTC/IE48ruFNkGuZ0Fj/9xAc7lS','siswa','putri@smkn8bone.sch.id',NULL,1,'2026-01-11 13:54:42',NULL,NULL,NULL),(1026,'siswa72','$2y$10$EUSGLRC4jRQecFt4eKe91uIZZvDpzN1BMzogJ803XaY6URA6JP99m','siswa','hajri@smkn8bone.sch.id',NULL,1,'2026-01-11 13:54:42',NULL,NULL,NULL),(1027,'siswa73','$2y$10$aokcJbd3wg4w8Oqj5MV84O5fyxIUMmpr1dktEvqSPt41cDPOOMsue','siswa','hasni@smkn8bone.sch.id',NULL,1,'2026-01-11 13:54:43',NULL,NULL,NULL),(1028,'siswa74','$2y$10$F04bZvpw861kKPvcDzCpAevjyidpIji9ykj6/WmbUwhZXRL7lMgO6','siswa','sabila@smkn8bone.sch.id',NULL,1,'2026-01-11 13:54:43',NULL,NULL,NULL),(1029,'siswa75','$2y$10$0micdBR0dsPgrnIOG0G7oOZ/uajKoP9QaqwsF9WgOi0Nkpmn3xNsG','siswa','astina@smkn8bone.sch.id',NULL,1,'2026-01-11 13:54:43',NULL,NULL,NULL),(1030,'siswa76','$2y$10$KlswBZie.T7OiTxIk15...pcvxq/I/e.vInpESqMeWudTTuIdm4Ou','siswa','hayuni@smkn8bone.sch.id',NULL,1,'2026-01-11 13:54:43',NULL,NULL,NULL),(1031,'siswa77','$2y$10$JZoRd1luTMjpw77S5L/iuOleWRNKOTVIxNzBnK7cHIrvi2fBZTHMu','siswa','hendra@smkn8bone.sch.id',NULL,1,'2026-01-11 13:54:43',NULL,NULL,NULL),(1032,'siswa78','$2y$10$mt2r1zaiWB7r1fgtegoX9.Z2HBHzEdSYx1epAL0kvtrDLu.fafnJq','siswa','ansyah@smkn8bone.sch.id',NULL,1,'2026-01-11 13:54:43',NULL,NULL,NULL),(1033,'siswa79','$2y$10$prBsgX6w8x2ET5soS2pGOeDQpj5NdjXGc5I7zHywWVehYiOYzxsYC','siswa','ladha@smkn8bone.sch.id',NULL,1,'2026-01-11 13:54:43',NULL,NULL,NULL),(1034,'siswa80','$2y$10$NlifI6v6Ewgv8eIhT/BEXeLg2Q2UzpLVcwpG62R.u2HnMwBLfYpgm','siswa','intan@smkn8bone.sch.id',NULL,1,'2026-01-11 13:54:43',NULL,NULL,NULL),(1035,'siswa81','$2y$10$uI8VckGR1LHjHL4R.JgUVO4gyS4OgV7tA1ccB.ZmRP1Lf/bAF.l/a','siswa','asari@smkn8bone.sch.id',NULL,1,'2026-01-11 13:54:43',NULL,NULL,NULL),(1036,'siswa82','$2y$10$Zz9Qs8tA26L6iKRsAhQlXed6xzU9u2RwvfjNdC0uf1lvOuaRCJMqq','siswa','irwan@smkn8bone.sch.id',NULL,1,'2026-01-11 13:54:43',NULL,NULL,NULL),(1037,'siswa83','$2y$10$U6j6TSKMlJb/rYCZxgQZr.2FGSjZ8Llx5IVLWfr0z9rWFzykQZBY6','siswa','amadan@smkn8bone.sch.id',NULL,1,'2026-01-11 13:54:43',NULL,NULL,NULL),(1038,'siswa84','$2y$10$xuwQRegedBJRWNUkz4lhqOQSB6CbkhKbQgaT55cS45w.qc01D6fa6','siswa','wansya@smkn8bone.sch.id',NULL,1,'2026-01-11 13:54:43',NULL,NULL,NULL),(1039,'siswa85','$2y$10$pL1GeFzVEEoghvnSnMtSkeBF8/aAF0tNxFZD.vf1B7F.zWg1Ct11O','siswa','sopyan@smkn8bone.sch.id',NULL,1,'2026-01-11 13:54:43',NULL,NULL,NULL),(1040,'siswa86','$2y$10$bZ9RSbA7nFWnMlhrjb.x4eer6YJxhxoghRRnqyeRpBsSmh4gWpktW','siswa','umardi@smkn8bone.sch.id',NULL,1,'2026-01-11 13:54:43',NULL,NULL,NULL),(1041,'siswa87','$2y$10$bfuHzDM1wPqaP5KCub8t/ePMtU1PPKa59I7aeaiKX5f.2Gcuem.YW','siswa','umarni@smkn8bone.sch.id',NULL,1,'2026-01-11 13:54:44',NULL,NULL,NULL),(1042,'siswa88','$2y$10$fhnrBwFz7N5larjMQSWjfesIluqwpkkc0y5zXTp23cikNJ7ta2gVy','siswa','jusni@smkn8bone.sch.id',NULL,1,'2026-01-11 13:54:44',NULL,NULL,NULL),(1043,'siswa89','$2y$10$rkUBOFCTu1abux5JjThT5eY1R0LQzuoSekLC0MwSfm3hUC7iEuYSG','siswa','istang@smkn8bone.sch.id',NULL,1,'2026-01-11 13:54:44',NULL,NULL,NULL),(1044,'siswa90','$2y$10$R7zs7wSIzn86k711U5KFQeZ5bwDnpB0dgzW7rv4Rpe.iO5cHqlaYC','siswa','friany@smkn8bone.sch.id',NULL,1,'2026-01-11 13:54:44',NULL,NULL,NULL),(1045,'siswa91','$2y$10$M/gQgjZTVBQxv380U2rcwOm98nE/Od1kd3nq6PdL4Q4Bpcg6uBUrK','siswa','smirah@smkn8bone.sch.id',NULL,1,'2026-01-11 13:54:44',NULL,NULL,NULL),(1046,'siswa92','$2y$10$TgO5O9WJy2D/KGfum5MN7.UenpaTh1HTVsKlX7ICAas4w/UAArwuW','siswa','putri@smkn8bone.sch.id',NULL,1,'2026-01-11 13:54:44',NULL,NULL,NULL),(1047,'siswa93','$2y$10$SrVql9R8QnJCeFj8rgo0Qe52HwJymRMyuAXZKP9i5YNG7HDqgwgw2','siswa','laura@smkn8bone.sch.id',NULL,1,'2026-01-11 13:54:44',NULL,NULL,NULL),(1048,'siswa94','$2y$10$diqjKQp/MvOYMpXbuTycee/5ussbSpOFCT/81Sj0RNbfWKS0fGYCi','siswa','luna@smkn8bone.sch.id',NULL,1,'2026-01-11 13:54:44',NULL,NULL,NULL),(1049,'siswa95','$2y$10$49AurPj6sV.QJO84Jl62Regv.b4hAY1xIS.PwX/F9UHjnkuD1R6Xi','siswa','hifari@smkn8bone.sch.id',NULL,1,'2026-01-11 13:54:44',NULL,NULL,NULL),(1050,'siswa96','$2y$10$F1Y0AWkPgOvT25yqey/YFekt/Hmqh6psHUlXuzRiNb08QnfLo1goe','siswa','ratama@smkn8bone.sch.id',NULL,1,'2026-01-11 13:54:44',NULL,NULL,NULL),(1051,'siswa97','$2y$10$W.nXQnByibd0iDx6AOmvheMYaKUISGycW9xAFBc1oaAAUpKoz/YNG','siswa','rsella@smkn8bone.sch.id',NULL,1,'2026-01-11 13:54:44',NULL,NULL,NULL),(1052,'siswa98','$2y$10$uUoQ7pmKVV6fppfMkJ/OXutFdPXtrSLe7DSIRxGhZ2Ts7ORDYpH7S','siswa','marwah@smkn8bone.sch.id',NULL,1,'2026-01-11 13:54:44',NULL,NULL,NULL),(1053,'siswa99','$2y$10$MyUkqYSpZZF5I54l82dHnOSqkOkXrc1B1CImxMp9ST/J.LRG1dzem','siswa','asrina@smkn8bone.sch.id',NULL,1,'2026-01-11 13:54:44',NULL,NULL,NULL),(1054,'siswa100','$2y$10$PbMYBtVMLCDiL/6UGulfeeHl1.wCM8l5lqcLsZpL/SyLW65Ss5mzC','siswa','rlinda@smkn8bone.sch.id',NULL,1,'2026-01-11 13:54:44',NULL,NULL,NULL),(1055,'siswa101','$2y$10$PvuqtmOFGRhqNbZbs/7vyehaFP54mbN7uf30WhBVM2QcnFHLBTep.','siswa','azrah@smkn8bone.sch.id',NULL,1,'2026-01-11 13:54:45',NULL,NULL,NULL),(1056,'siswa102','$2y$10$76hq9sAtYNaJnI958F.NouUfFSEvHuw5cRGL76BSva/RGxJzn.X42','siswa','haekal@smkn8bone.sch.id',NULL,1,'2026-01-11 13:54:45',NULL,NULL,NULL),(1057,'siswa103','$2y$10$.KgaT.u05EfgdCXMw8dXh.ALKJoFIRz0mHNRfsKYyqoNmgk6QC9Xm','siswa','rafal@smkn8bone.sch.id',NULL,1,'2026-01-11 13:54:45',NULL,NULL,NULL),(1058,'siswa104','$2y$10$zstXWDnm8U/w.wPXGunyrOr62JeLgkvzTu.hwPmQR10EsXTVDdQZ2','siswa','syarif@smkn8bone.sch.id',NULL,1,'2026-01-11 13:54:45',NULL,NULL,NULL),(1059,'siswa105','$2y$10$TqMkg6cvxu578BHOxHY4mukyGhdvS.TNObaNkVPzCya9hPYOJAaoK','siswa','hendra@smkn8bone.sch.id',NULL,1,'2026-01-11 13:54:45',NULL,NULL,NULL),(1060,'siswa106','$2y$10$tT.0R3JkvRTl3cDUiKo7Hui00PPgu3IaOqK01smcUOkoiiJs.J6RS','siswa','asraf@smkn8bone.sch.id',NULL,1,'2026-01-11 13:54:45',NULL,NULL,NULL),(1061,'siswa107','$2y$10$.ilQ/SPPdK7PEFgItsk4nOJ9NizTqpCAepUsy1K9tBi5LSfMEBESq','siswa','asrul@smkn8bone.sch.id',NULL,1,'2026-01-11 13:54:45',NULL,NULL,NULL),(1062,'siswa108','$2y$10$isIT8CjyG1lCocho26J/netYW1DUi/zDoHwloi6AV0NrtfZzrVAru','siswa','l\'bani@smkn8bone.sch.id',NULL,1,'2026-01-11 13:54:45',NULL,NULL,NULL),(1063,'siswa109','$2y$10$oh9z.NnrUtiX8cEIxCdKUexR05HTo9I3Y9oSDZES1VKlmXuvJHkqO','siswa','faril@smkn8bone.sch.id',NULL,1,'2026-01-11 13:54:45',NULL,NULL,NULL),(1064,'siswa110','$2y$10$JKUckf/FJutatBj4JfHWEeavo771I2/MFbuVut4pTJPq9eUHdt.Fq','siswa','lfuad@smkn8bone.sch.id',NULL,1,'2026-01-11 13:54:45',NULL,NULL,NULL),(1065,'siswa111','$2y$10$O6jcuLzmUifyCx6Xgi2/SOhjbE4PPT71Vl2osnvKA2RBT6N6yRVLW','siswa','iksan@smkn8bone.sch.id',NULL,1,'2026-01-11 13:54:45',NULL,NULL,NULL),(1066,'siswa112','$2y$10$fV6k89GwoUA7f5lZeaRo0.ncIn0l4QT805GXu5709x3rFu33P4Iua','siswa','rsyam@smkn8bone.sch.id',NULL,1,'2026-01-11 13:54:45',NULL,NULL,NULL),(1067,'siswa113','$2y$10$xVlAqQM/ec7BzljHZiaH.eMKeqDTGizk4CE2jUMqqTkqRHZvxJxz2','siswa','rafi@smkn8bone.sch.id',NULL,1,'2026-01-11 13:54:45',NULL,NULL,NULL),(1068,'siswa114','$2y$10$Ucd6blno4lvAI1xIsvCPWObg0uwkG1b154Vg7vJf7OXYbJkk1F9me','siswa','salsa@smkn8bone.sch.id',NULL,1,'2026-01-11 13:54:46',NULL,NULL,NULL),(1069,'siswa115','$2y$10$NdKOd2fAC.kAS8Zfu8bjZOOXhTU6os1ZLabVztsmeXfTTjstyDSVO','siswa','ferdi@smkn8bone.sch.id',NULL,1,'2026-01-11 13:54:46',NULL,NULL,NULL),(1070,'siswa116','$2y$10$Qrx8iCsBouExe8.nz4ol4.tkAO8416KE92WgjlfiMkZwzFsAOV47C','siswa','lkifli@smkn8bone.sch.id',NULL,1,'2026-01-11 13:54:46',NULL,NULL,NULL),(1071,'siswa117','$2y$10$yuAGNlstEZ4qf/NyOca7nOokURuZj.IqdaUOWDA2VlDSJj0asksvO','siswa','iqbal@smkn8bone.sch.id',NULL,1,'2026-01-11 13:54:46',NULL,NULL,NULL),(1072,'siswa118','$2y$10$NLCqHvJR2PbQuvR6l4io4ujotLxs0ULHm95DM9tr6NDeg5oP50ZZy','siswa','fsaki@smkn8bone.sch.id',NULL,1,'2026-01-11 13:54:46',NULL,NULL,NULL),(1073,'siswa119','$2y$10$s/ySwEh5mLfhw0RIx9Mw/.zLEQtx/qJhaPwAv.tQfX9zvsiDiwQwq','siswa','ahreza@smkn8bone.sch.id',NULL,1,'2026-01-11 13:54:46',NULL,NULL,NULL),(1074,'siswa120','$2y$10$SWSWltJCg.w6QCkwadE9s.U4DNUVK5srCdYwqiDVAqAjSn1Rp8lVu','siswa','arham@smkn8bone.sch.id',NULL,1,'2026-01-11 13:54:46',NULL,NULL,NULL),(1075,'siswa121','$2y$10$uY7q2CZMOnCUPSRD3dIqBukO4d7OnUje.XPHZOI0LlC15qwOQVt5O','siswa','aqhil@smkn8bone.sch.id',NULL,1,'2026-01-11 13:54:46',NULL,NULL,NULL),(1076,'siswa122','$2y$10$gHHeBn/hrXzbKmXjErVotOOT5wSixb5MIg4nfml.4wEsWT3xenzVm','siswa','dimas@smkn8bone.sch.id',NULL,1,'2026-01-11 13:54:46',NULL,NULL,NULL),(1077,'siswa123','$2y$10$TCMIg5u8oYAgV8AwIOpAOuaW3A94f4L.GVRSjU0OGBOAtfc5JCGJe','siswa','idayat@smkn8bone.sch.id',NULL,1,'2026-01-11 13:54:46',NULL,NULL,NULL),(1078,'siswa124','$2y$10$buvjqsGm5.z80lNC7aB3SeZz56skWAStgYCm0TBNbF4OtJ/jRiFO.','siswa','fadli@smkn8bone.sch.id',NULL,1,'2026-01-11 13:54:46',NULL,NULL,NULL),(1079,'siswa125','$2y$10$.vvBYzzImMVhlHLLRa0g4eZq5pBGtvraBQvgKHPv0jaUFZDagzfEy','siswa','ikhsan@smkn8bone.sch.id',NULL,1,'2026-01-11 13:54:46',NULL,NULL,NULL),(1080,'siswa126','$2y$10$KAu8XKifS0451LSuWMcfzOuB7E1MQ09MVqxfdsCpDHVX0xx.iSMO.','siswa','ilham@smkn8bone.sch.id',NULL,1,'2026-01-11 13:54:46',NULL,NULL,NULL),(1081,'siswa127','$2y$10$BPQHyJJPXzveFNPaY8fvm.N/2la0qm6cVr84UNPosv6aa31oubnq.','siswa','lubis@smkn8bone.sch.id',NULL,1,'2026-01-11 13:54:46',NULL,NULL,NULL),(1082,'siswa128','$2y$10$uUs6w5N0eeDzF.DRRH7thefflQQUsvj8AknHJp7LmDrc2XhSPsge2','siswa','nafis@smkn8bone.sch.id',NULL,1,'2026-01-11 13:54:47',NULL,NULL,NULL),(1083,'siswa129','$2y$10$AknY9N.KgVAM0zTzlM5ocu.HUVw691Qbp/LbYbiEMR5/kywEz49Lm','siswa','nazril@smkn8bone.sch.id',NULL,1,'2026-01-11 13:54:47',NULL,NULL,NULL),(1084,'siswa130','$2y$10$18xI35CxpBFynpuWhzK1vOoRTh.1eLfCSfcVZrDCh5CFQZoBzT6De','siswa','rifki@smkn8bone.sch.id',NULL,1,'2026-01-11 13:54:47',NULL,NULL,NULL),(1085,'siswa131','$2y$10$lkppIbsd7EgEEuBpCxxL6eTVHqEN95EuRAKTNeRTStBvXlPFmvNJa','siswa','saldi@smkn8bone.sch.id',NULL,1,'2026-01-11 13:54:47',NULL,NULL,NULL),(1086,'siswa132','$2y$10$YKKZ42NvikGepqwsb.lsieFkgTxC/xqIylBUe9B8lxYE3RBlFRap6','siswa','yaiful@smkn8bone.sch.id',NULL,1,'2026-01-11 13:54:47',NULL,NULL,NULL),(1087,'siswa133','$2y$10$qSGtLFDwyz8aZFGxYDCGIuUk0lLWxW8nE66jvQnts5/QMtveOLkNa','siswa','lfikar@smkn8bone.sch.id',NULL,1,'2026-01-11 13:54:47',NULL,NULL,NULL),(1088,'siswa134','$2y$10$1k/ccYiBptwIOshG8agXdOF0xaOujJOKL7WghJL8rVnQnGY4YZKy6','siswa','rizal@smkn8bone.sch.id',NULL,1,'2026-01-11 13:54:47',NULL,NULL,NULL),(1089,'siswa135','$2y$10$DZFwIKmcZ1Sw/hK54N6tzeVaVnrRsc3qcLECje.5lQtgnGUM8U68.','siswa','putri@smkn8bone.sch.id',NULL,1,'2026-01-11 13:54:47',NULL,NULL,NULL),(1090,'siswa136','$2y$10$i2.Ki0NAde/t/T7b0h26oesiFjUwPUIXD18xrZrUBnR5L/Ene4TMu','siswa','ustafa@smkn8bone.sch.id',NULL,1,'2026-01-11 13:54:47',NULL,NULL,NULL),(1091,'siswa137','$2y$10$H.CK4QFamg6HUP9nnQ638eeJdmwn9yaJDWVL.Iu5eSxa6cRQXX65K','siswa','nanda@smkn8bone.sch.id',NULL,1,'2026-01-11 13:54:47',NULL,NULL,NULL),(1092,'siswa138','$2y$10$qtvBtuh2Mr2F1WxEaKBh7O88YZGdFilNj2xTs.1eZvNF09DQH8hfy','siswa','nasila@smkn8bone.sch.id',NULL,1,'2026-01-11 13:54:47',NULL,NULL,NULL),(1093,'siswa139','$2y$10$US1x3HKugFoRGcd14xTmk.XOraa4gZB0iT4Kior.IYia6riXWErSS','siswa','adhani@smkn8bone.sch.id',NULL,1,'2026-01-11 13:54:47',NULL,NULL,NULL),(1094,'siswa140','$2y$10$YCVw9iWuWzX9JdTpqFjFgeQKQlbjN5OxqXeZp0MSHrNrdkzBDuSni','siswa','slamia@smkn8bone.sch.id',NULL,1,'2026-01-11 13:54:47',NULL,NULL,NULL),(1095,'siswa141','$2y$10$MherKhHNQYxjnrc6oGvMo.XcF84ApIEV8q8aGHN6SoZ79Pg2UlTDW','siswa','naayu@smkn8bone.sch.id',NULL,1,'2026-01-11 13:54:47',NULL,NULL,NULL),(1096,'siswa142','$2y$10$FFOUig52B1ukz7OzqFHwoOwMLKDud.fvuFqHYUWd1Wue9jbMX.S7q','siswa','triana@smkn8bone.sch.id',NULL,1,'2026-01-11 13:54:48',NULL,NULL,NULL),(1097,'siswa143','$2y$10$qJhzJo7VmdHS64IZ7S.pI.j.EfobYZdtbSCa0aPFK3fj6CkgCH8b.','siswa','hayati@smkn8bone.sch.id',NULL,1,'2026-01-11 13:54:48',NULL,NULL,NULL),(1098,'siswa144','$2y$10$y.7l8vOPgCp2bxB3CxxXuO8kdX/gS2f34hVq4HKCvrW9c0iqlwTji','siswa','adilla@smkn8bone.sch.id',NULL,1,'2026-01-11 13:54:48',NULL,NULL,NULL),(1099,'siswa145','$2y$10$kXKCQs/KZI0EUUIgrVxw0eyi1FTPy0jsH4F.GTrVzurcN6nRv12U6','siswa','fazila@smkn8bone.sch.id',NULL,1,'2026-01-11 13:54:48',NULL,NULL,NULL),(1100,'siswa146','$2y$10$q8pcXPIjVboi53l3f8DmouSqy5AMo3InUASmhM0NDjdbRdeePnAQe','siswa','afizah@smkn8bone.sch.id',NULL,1,'2026-01-11 13:54:48',NULL,NULL,NULL),(1101,'siswa147','$2y$10$wyh8pVifO4Izru8bmhokDey6QLx6daaM10oVxx9ITjy3RgP9N3cs2','siswa','haliza@smkn8bone.sch.id',NULL,1,'2026-01-11 13:54:48',NULL,NULL,NULL),(1102,'siswa148','$2y$10$jpmoP8z.NE9wsOUtGaregueNuDRA8LdwAbjEKMe5sinsVsyFwfziO','siswa','alizah@smkn8bone.sch.id',NULL,1,'2026-01-11 13:54:48',NULL,NULL,NULL),(1103,'siswa149','$2y$10$P3p/OLS80aSTbpyZad2dbOc5IQPlQNvucKZvTItYMuW4PA.lbv4Tq','siswa','rlinda@smkn8bone.sch.id',NULL,1,'2026-01-11 13:54:48',NULL,NULL,NULL),(1104,'siswa150','$2y$10$h1ANXmXXktqTYsh/ccA03uMtMxMRdbk9Fmmt6MF8blSqvrI4Z5bwW','siswa','rsafah@smkn8bone.sch.id',NULL,1,'2026-01-11 13:54:48',NULL,NULL,NULL),(1105,'siswa151','$2y$10$cI0a3aR5nGlDK7fkv3/eKOxfDlNYqcAkI2M.rrz0Xf9UwLx5Wejvm','siswa','urtang@smkn8bone.sch.id',NULL,1,'2026-01-11 13:54:48',NULL,NULL,NULL),(1106,'siswa152','$2y$10$uco277fOe9XStNtAGABRjemlodYsQcqpLSCyR/9YOlZciIIAVmDXG','siswa','abilah@smkn8bone.sch.id',NULL,1,'2026-01-11 13:54:48',NULL,NULL,NULL),(1107,'siswa153','$2y$10$gUiDkN92AJeoj7DzEGghKOl9h3s2.eosvyJYCxt21SMtlwHqLrt1C','siswa','ufidah@smkn8bone.sch.id',NULL,1,'2026-01-11 13:54:48',NULL,NULL,NULL),(1108,'siswa154','$2y$10$DTYj0Qvf1ZVHm0pBOVYgMeIRjhrgYQJ2nPJucNKRIfsHJGYYzIR.2','siswa','orel@smkn8bone.sch.id',NULL,1,'2026-01-11 13:54:48',NULL,NULL,NULL),(1109,'siswa155','$2y$10$EdcN/fizMoFTsGee9HuOW.V2yjXzZHf7wF77MYrJ6OZV2qBxloEPi','siswa','putri@smkn8bone.sch.id',NULL,1,'2026-01-11 13:54:48',NULL,NULL,NULL),(1110,'siswa156','$2y$10$HgAuapic7gdpbvlZihH1B.BovzcqhoxuyN1w6yoGz7.bcla6jo6we','siswa','ahati@smkn8bone.sch.id',NULL,1,'2026-01-11 13:54:49',NULL,NULL,NULL),(1111,'siswa157','$2y$10$40lh2QiQK3qzQhGJHR6dMeEum6hEQ9aw7Lces26mIB0VoxCH.6AiK','siswa','aditya@smkn8bone.sch.id',NULL,1,'2026-01-11 13:54:49',NULL,NULL,NULL),(1112,'siswa158','$2y$10$0Htyg2MPIib6HUnvowqUmO3l/2DooYNudgbvJrLqf.hSJHciUQqVG','siswa','anjani@smkn8bone.sch.id',NULL,1,'2026-01-11 13:54:49',NULL,NULL,NULL),(1113,'siswa159','$2y$10$89TzQjW6E.vZWDWDHSX4EOakhI.OJxa/V1WyNiCP8MbDmt35LniNu','siswa','aihana@smkn8bone.sch.id',NULL,1,'2026-01-11 13:54:49',NULL,NULL,NULL),(1114,'siswa160','$2y$10$INWti9.9OuVLAyU9gpphvORZ3XCc2.9H5XLyWrJc8fNXGdnFgSwzy','siswa','ramang@smkn8bone.sch.id',NULL,1,'2026-01-11 13:54:49',NULL,NULL,NULL),(1115,'siswa161','$2y$10$GqI.yks2XZVllmVy0CxEFev2ka0UF9Rzky6pH7/Nt1fpICTaHrkqS','siswa','mayana@smkn8bone.sch.id',NULL,1,'2026-01-11 13:54:49',NULL,NULL,NULL),(1116,'siswa162','$2y$10$sB9WuvOuMIRk8Vgqa6TTT.XcEEeQuIJV3OXUs7jrRDl18TknAHi9C','siswa','mayani@smkn8bone.sch.id',NULL,1,'2026-01-11 13:54:49',NULL,NULL,NULL),(1117,'siswa163','$2y$10$5WeeUTdQ6pmcDuGY.UXg6.39mrRJhMwdjv542AX0Oi64qNKz8UeDO','siswa','niawan@smkn8bone.sch.id',NULL,1,'2026-01-11 13:54:49',NULL,NULL,NULL),(1118,'siswa164','$2y$10$5pj9KgjGXlN9Fs45GA3JxurIEdOtwy9X9RDmMhrk7UWvZQRTurFcG','siswa','alwan@smkn8bone.sch.id',NULL,1,'2026-01-11 13:54:49',NULL,NULL,NULL),(1119,'siswa165','$2y$10$TxJee3/5y0W2M4K0nwgs8.1EbfAqHHfRaC1ZSsGdPp56o/5jnFb8m','siswa','aputra@smkn8bone.sch.id',NULL,1,'2026-01-11 13:54:49',NULL,NULL,NULL),(1120,'siswa166','$2y$10$aFeB7FZTzCHphXUs7dQrWOHwgjNbMquZ7b8m8PeBsX7tRqbF.sfbC','siswa','reski@smkn8bone.sch.id',NULL,1,'2026-01-11 13:54:49',NULL,NULL,NULL),(1121,'siswa167','$2y$10$KxTsowA7ImXY8KwlYaDUnefAZIIf0MEj1ulAt.1GrZlnEufwhbOyW','siswa','reski@smkn8bone.sch.id',NULL,1,'2026-01-11 13:54:49',NULL,NULL,NULL),(1122,'siswa168','$2y$10$6y3ncOJv/8B80n7oDxl3m.CgKh8LsXFdefsyhXvTchrjQI18QC.5K','siswa','resky@smkn8bone.sch.id',NULL,1,'2026-01-11 13:54:49',NULL,NULL,NULL),(1123,'siswa169','$2y$10$rMSy2GjXa1k85t5Y32SEJOjuU/.7rLi5WtV/f4sz.qewO69TCXyZO','siswa','nianti@smkn8bone.sch.id',NULL,1,'2026-01-11 13:54:49',NULL,NULL,NULL),(1124,'siswa170','$2y$10$LCg25m/zvaBjSgTqVnE/5enpi04nvR0bHz48rjA3L/0A8McYEqdt.','siswa','kadafi@smkn8bone.sch.id',NULL,1,'2026-01-11 13:54:50',NULL,NULL,NULL),(1125,'siswa171','$2y$10$VtBeFg0C18XtpDswXNxJEeSdRipb8nTTe4OKqZOkhJzNiFJmnKxFG','siswa','afitri@smkn8bone.sch.id',NULL,1,'2026-01-11 13:54:50',NULL,NULL,NULL),(1126,'siswa172','$2y$10$TpCAvNG3wzCxur0COIu8Geh3CrSt4qvm4YxEs4eRGkdlMya4irkcS','siswa','lasmi@smkn8bone.sch.id',NULL,1,'2026-01-11 13:54:50',NULL,NULL,NULL),(1127,'siswa173','$2y$10$vW0QGiV0NKMbS9x536y6V.t35SmYMChw91bZ8bFYQROEYhf5QuPEi','siswa','aziza@smkn8bone.sch.id',NULL,1,'2026-01-11 13:54:50',NULL,NULL,NULL),(1128,'siswa174','$2y$10$BHC4oBVh5F198OTwaaMRQuhZTLbgGgYrjkUnpH/Z5VeWQS8g4BDsG','siswa','dillah@smkn8bone.sch.id',NULL,1,'2026-01-11 13:54:50',NULL,NULL,NULL),(1129,'siswa175','$2y$10$S6LahebbSHkgxyP2nzU4QebXi9ZUwqu1QcgBEgmLP7S0irBG2RbCC','siswa','afitri@smkn8bone.sch.id',NULL,1,'2026-01-11 13:54:50',NULL,NULL,NULL),(1130,'siswa176','$2y$10$nE.1AJQFvBCfDB3SMHCLFeCpb9R2W.iPFlHJwcS/6NP6KPYEtStC2','siswa','iskaa@smkn8bone.sch.id',NULL,1,'2026-01-11 13:54:50',NULL,NULL,NULL),(1131,'siswa177','$2y$10$uqFDuefvVjwSVoyXBE7G9uw490W5aMv.QZ1C/YirqUjPwuB70XDO6','siswa','ianto@smkn8bone.sch.id',NULL,1,'2026-01-11 13:54:50',NULL,NULL,NULL),(1132,'siswa178','$2y$10$8E2ZuQLVzpYG97X67s6fE.dyZ4smDW.kNnQ3mkvBnh/3i.mOvE2ZK','siswa','riskia@smkn8bone.sch.id',NULL,1,'2026-01-11 13:54:50',NULL,NULL,NULL),(1133,'siswa179','$2y$10$y0TA9PGuzNV.3V4qEbqEtOpaR.JTA3mvZxY2If4bCoEvIV5hpvoA.','siswa','nawati@smkn8bone.sch.id',NULL,1,'2026-01-11 13:54:50',NULL,NULL,NULL),(1134,'siswa180','$2y$10$aaOh2RCN8sCqMLrtDSwQuu.D76ZmvHOG.GJzJTz4gRRgWSGSx0.oe','siswa','sudiro@smkn8bone.sch.id',NULL,1,'2026-01-11 13:54:50',NULL,NULL,NULL),(1135,'siswa181','$2y$10$nbdtnQ.SuEI2/4gPJR0lO..XvoE6cbT3IO0QltKLKkjzTRJprF1DS','siswa','osneni@smkn8bone.sch.id',NULL,1,'2026-01-11 13:54:50',NULL,NULL,NULL),(1136,'siswa182','$2y$10$MG/hE6Sj.NIkdWkIr6SZu.zzv01xTeG9shoqThtGKYsfTVTkdAKDG','siswa','safira@smkn8bone.sch.id',NULL,1,'2026-01-11 13:54:50',NULL,NULL,NULL),(1137,'siswa183','$2y$10$tQRCpo5Juy1ZtrqwsjBxP.8O8VWF6qc5Wnrdbx.bwQxOg8o1lWGIi','siswa','madani@smkn8bone.sch.id',NULL,1,'2026-01-11 13:54:50',NULL,NULL,NULL),(1138,'siswa184','$2y$10$rnVb75xAdzP/URyeVANj4O83//.RgE5xAicb3fzsdMfHRAfqqYUk.','siswa','junior@smkn8bone.sch.id',NULL,1,'2026-01-11 13:54:51',NULL,NULL,NULL),(1139,'siswa185','$2y$10$Fhd7JwIPQ5Lp7lk0YH7KLuP5JLBQYtOf2.YVD8Ke/d6IdiD9yYTtq','siswa','rmansa@smkn8bone.sch.id',NULL,1,'2026-01-11 13:54:51',NULL,NULL,NULL),(1140,'siswa186','$2y$10$z8I8otC8mH3f.PHDEMjM8O3zGHUl4JLcUz7EJrNcnnlcCYzZxr4Wa','siswa','tullah@smkn8bone.sch.id',NULL,1,'2026-01-11 13:54:51',NULL,NULL,NULL),(1141,'siswa187','$2y$10$fad5HV6mArlTNRkoeONl2OS2ARnMtHRvvxRbsAQQdx/7ZZZpLiUP6','siswa','saskia@smkn8bone.sch.id',NULL,1,'2026-01-11 13:54:51',NULL,NULL,NULL),(1142,'siswa188','$2y$10$ykRDsJXrBmtKtoDKC3j46enrtXtcHQjCYhoqg3WhkESJBJneX9hOC','siswa','lfiana@smkn8bone.sch.id',NULL,1,'2026-01-11 13:54:51',NULL,NULL,NULL),(1143,'siswa189','$2y$10$5V9SXalL6Q9Q1gqHlf3kXeSw/uLyLta.RCpagDOyEiZ6Qo16xx5iS','siswa','yanti@smkn8bone.sch.id',NULL,1,'2026-01-11 13:54:51',NULL,NULL,NULL),(1144,'siswa190','$2y$10$PGYk68NP4Fid14xd2P1soOn0jHwPLmPCniII4BXDbLs1cmw0SUlva','siswa','lviana@smkn8bone.sch.id',NULL,1,'2026-01-11 13:54:51',NULL,NULL,NULL),(1145,'siswa191','$2y$10$OVBd2L/zKy1pP9m7JVd4SO9KSYSY9WFi/CZP0s5lOOdZ2Yx/ALg5i','siswa','sahril@smkn8bone.sch.id',NULL,1,'2026-01-11 13:54:51',NULL,NULL,NULL),(1146,'siswa192','$2y$10$zjCl0hgovhW4qvtgTklMGelAEPmKCiux8YK4qy7b2bX.2cwiz2kBC','siswa','putri@smkn8bone.sch.id',NULL,1,'2026-01-11 13:54:51',NULL,NULL,NULL),(1147,'siswa193','$2y$10$GmcGeWnV7uj0c4H583CMBub3h4IDaOiDqFevIYcBduIiWX2NcTbXO','siswa','putri@smkn8bone.sch.id',NULL,1,'2026-01-11 13:54:51',NULL,NULL,NULL),(1148,'siswa194','$2y$10$2HN7xaqSjSwb8Shdi5yhouskAAq4HUcp2u4kj4f3cT26oUoPQX.PG','siswa','siren@smkn8bone.sch.id',NULL,1,'2026-01-11 13:54:51',NULL,NULL,NULL),(1149,'siswa195','$2y$10$WhHNTprKFD4VmwaiEUX48OoV2UbrSGQ6EmnJ4zGJYs39hokWkrf.6','siswa','lfiana@smkn8bone.sch.id',NULL,1,'2026-01-11 13:54:51',NULL,NULL,NULL),(1150,'siswa196','$2y$10$q6mdS6IuDqe.Sd3RGFp5DurBku8LEHYWvAuIHlBa4jx7F7X9w4gn.','siswa','suardi@smkn8bone.sch.id',NULL,1,'2026-01-11 13:54:51',NULL,NULL,NULL),(1151,'siswa197','$2y$10$QsQT7TLi3RFLU.E1.896AOfeyl4KDk9IJnbYiNnG4h1.TwwSoa7bO','siswa','ahrina@smkn8bone.sch.id',NULL,1,'2026-01-11 13:54:51',NULL,NULL,NULL),(1152,'siswa198','$2y$10$JqsmmFsOvs3Fx9cl26Hw.OIKmd52O3NUAFixkHF9907eUITEQ5YQG','siswa','tamara@smkn8bone.sch.id',NULL,1,'2026-01-11 13:54:52',NULL,NULL,NULL),(1153,'siswa199','$2y$10$U99P3q4P7FlMQMs5ehJ7IunaEAmC6.OCYnuBe/WkPCtOQVVcNcVJm','siswa','tasya@smkn8bone.sch.id',NULL,1,'2026-01-11 13:54:52',NULL,NULL,NULL),(1154,'siswa200','$2y$10$xDJhfbtkMHsR3p3Y0haYmun.pt2Gh.GFrnDxwSQF5SaO2dnQ1ry.G','siswa','khaeri@smkn8bone.sch.id',NULL,1,'2026-01-11 13:54:52',NULL,NULL,NULL),(1155,'siswa201','$2y$10$hFy/5jV8Y5NzsZ1gu5mgWewfVI/1nyh4dYUa.qpPbqk8nTVRq/wyG','siswa','ahyudi@smkn8bone.sch.id',NULL,1,'2026-01-11 13:54:52',NULL,NULL,NULL),(1156,'siswa202','$2y$10$GW7XxkP1s7/VafxeNafpVeaIdzys1Qjk0FnL4cWXB858ELB1bwrTi','siswa','ahyuni@smkn8bone.sch.id',NULL,1,'2026-01-11 13:54:52',NULL,NULL,NULL),(1157,'siswa203','$2y$10$uN1tZk51YPsApyoZZXZlfe/wzZzpCCHibYQAPOIi1o1BiL3QJwkpW','siswa','amadan@smkn8bone.sch.id',NULL,1,'2026-01-11 13:54:52',NULL,NULL,NULL),(1158,'siswa204','$2y$10$21O5llA2WpEZfmHuRUQDjuNz24GgMbBW0rktAn2JdTUQhIvssoT66','siswa','hulya@smkn8bone.sch.id',NULL,1,'2026-01-11 13:54:52',NULL,NULL,NULL);
/*!40000 ALTER TABLE `users` ENABLE KEYS */;
UNLOCK TABLES;
/*!40103 SET TIME_ZONE=@OLD_TIME_ZONE */;

/*!40101 SET SQL_MODE=@OLD_SQL_MODE */;
/*!40014 SET FOREIGN_KEY_CHECKS=@OLD_FOREIGN_KEY_CHECKS */;
/*!40014 SET UNIQUE_CHECKS=@OLD_UNIQUE_CHECKS */;
/*!40101 SET CHARACTER_SET_CLIENT=@OLD_CHARACTER_SET_CLIENT */;
/*!40101 SET CHARACTER_SET_RESULTS=@OLD_CHARACTER_SET_RESULTS */;
/*!40101 SET COLLATION_CONNECTION=@OLD_COLLATION_CONNECTION */;
/*!40111 SET SQL_NOTES=@OLD_SQL_NOTES */;

-- Dump completed on 2026-01-20 19:05:06
